{"stats":{"minecraft:broken":{"minecraft:iron_shovel":3,"minecraft:stone_pickaxe":1,"minecraft:stone_shovel":4,"iceandfire:armor_copper_metal_helmet":1,"minecraft:iron_axe":1,"minecraft:iron_pickaxe":3,"iceandfire:armor_copper_metal_boots":1},"minecraft:custom":{"minecraft:animals_bred":6,"minecraft:interact_with_crafting_table":88,"minecraft:open_barrel":1,"minecraft:leave_game":5,"minecraft:time_since_death":21248,"minecraft:sprint_one_cm":896753,"minecraft:damage_blocked_by_shield":105,"minecraft:drop":169,"minecraft:talked_to_villager":2,"minecraft:play_time":338474,"minecraft:deaths":10,"minecraft:jump":7403,"minecraft:walk_on_water_one_cm":92458,"minecraft:interact_with_furnace":250,"minecraft:sleep_in_bed":19,"minecraft:damage_dealt":10450,"minecraft:player_kills":1,"minecraft:crouch_one_cm":92883,"minecraft:interact_with_smoker":12,"minecraft:interact_with_smithing_table":7,"minecraft:mob_kills":60,"minecraft:climb_one_cm":400,"minecraft:walk_one_cm":878061,"minecraft:sneak_time":23682,"minecraft:walk_under_water_one_cm":76647,"minecraft:interact_with_blast_furnace":6,"minecraft:total_world_time":338474,"minecraft:time_since_rest":21273,"minecraft:damage_taken":8324,"minecraft:swim_one_cm":63010,"minecraft:fly_one_cm":1891618,"minecraft:open_chest":317,"minecraft:fall_one_cm":176933},"minecraft:used":{"minecraft:moss_carpet":5,"minecraft:iron_shovel":704,"minecraft:chest":2,"minecraft:shield":1,"iceandfire:pixie_house_mushroom_brown":1,"minecraft:stone":1,"minecraft:iron_sword":77,"biomesoplenty:yellow_maple_sapling":2,"minecraft:soul_sand":6,"biomesoplenty:orange_maple_leaves":2,"biomesoplenty:redwood_sign":8,"minecraft:glass":14,"totemic:flute":1,"minecraft:lava_bucket":4,"minecraft:stone_brick_stairs":121,"minecraft:stone_bricks":797,"minecraft:birch_trapdoor":3,"ironfurnaces:iron_furnace":1,"minecraft:magma_block":3,"minecraft:furnace":3,"minecraft:egg":1,"minecraft:potato":34,"biomesoplenty:redwood_fence_gate":11,"minecraft:stone_pickaxe":98,"biomesoplenty:maple_planks":10,"create:crimsite":2,"tradingpost:trading_post":3,"minecraft:sand":1,"alexscaves:cave_book":2,"minecraft:blast_furnace":1,"minecraft:stone_brick_wall":134,"minecraft:black_bed":5,"minecraft:shears":5,"iceandfire:copper_shovel":2,"minecraft:birch_fence_gate":82,"minecraft:bread":8,"minecraft:smithing_table":1,"chococraft:gysahl_green":4,"biomesoplenty:maple_trapdoor":6,"minecraft:oak_fence":1,"ironfurnaces:copper_furnace":1,"quark:birch_chest":6,"minecraft:stone_shovel":524,"minecraft:torch":12,"minecraft:dirt":563,"iceandfire:pixie_dust":1,"minecraft:hopper":16,"artifacts:onion_ring":1,"minecraft:granite":25,"minecraft:iron_axe":222,"minecraft:golden_carrot":27,"iceandfire:armor_copper_metal_helmet":1,"comforts:sleeping_bag_white":4,"minecraft:cooked_beef":10,"minecraft:acacia_planks":2,"minecraft:cobbled_deepslate":3,"minecraft:light_gray_bed":1,"minecraft:wheat_seeds":31,"minecraft:cooked_mutton":1,"minecraft:water_bucket":135,"minecraft:cobblestone_stairs":53,"minecraft:baked_potato":69,"quark:hollow_birch_log":9,"minecraft:crafting_table":5,"minecraft:white_bed":3,"minecraft:smoker":1,"minecraft:iron_pickaxe":651,"minecraft:stone_slab":52,"minecraft:cobblestone":46,"travelersbackpack:standard":1,"minecraft:cooked_porkchop":10,"minecraft:bucket":143,"minecraft:kelp":26},"minecraft:killed":{"minecraft:cave_spider":1,"minecraft:zombified_piglin":5,"minecraft:witch":1,"minecraft:spider":4,"minecraft:skeleton":6,"minecraft:pig":1,"minecraft:creeper":7,"minecraft:zombie":9,"minecraft:cow":24,"minecraft:phantom":2},"minecraft:mined":{"minecraft:white_bed":2,"minecraft:cobblestone_stairs":25,"minecraft:granite":49,"minecraft:grass_block":578,"minecraft:stone_brick_wall":26,"minecraft:light_gray_bed":1,"minecraft:hopper":11,"quark:hollow_birch_log":9,"minecraft:tall_seagrass":2,"minecraft:magma_block":3,"minecraft:iron_ore":16,"minecraft:fire":2,"minecraft:moss_carpet":1,"biomesoplenty:orange_maple_leaves":2,"biomesoplenty:yellow_maple_leaves":1,"biomesoplenty:webbing":1,"biomesoplenty:redwood_wall_sign":2,"create:limestone":11,"biomesoplenty:maple_log":41,"minecraft:kelp_plant":19,"biomesoplenty:yellow_maple_sapling":2,"minecraft:smoker":1,"ironfurnaces:iron_furnace":1,"ironfurnaces:copper_furnace":1,"bno:nether_emerald_ore":1,"minecraft:blast_furnace":1,"tradingpost:trading_post":2,"minecraft:glass":8,"minecraft:cobblestone":34,"minecraft:wall_torch":6,"minecraft:seagrass":1,"minecraft:birch_log":26,"minecraft:wheat":6,"minecraft:birch_trapdoor":1,"minecraft:black_bed":4,"biomesoplenty:maple_planks":10,"minecraft:stone_brick_stairs":14,"minecraft:grass":25,"quark:birch_chest":6,"minecraft:oak_log":11,"minecraft:sand":96,"minecraft:dirt":545,"create:crimsite":24,"minecraft:oak_leaves":4,"alexscaves:spelunkery_table":1,"biomesoplenty:maple_trapdoor":4,"minecraft:birch_fence_gate":21,"gravestone:gravestone":8,"biomesoplenty:yellow_maple_leaf_pile":3,"minecraft:kelp":6,"minecraft:hay_block":13,"minecraft:furnace":3,"minecraft:deepslate_iron_ore":1,"biomesoplenty:spider_egg":1,"minecraft:stone":330,"minecraft:soul_sand":1,"minecraft:dandelion":1,"minecraft:oak_fence":1,"minecraft:crafting_table":4,"iceandfire:pixie_house_mushroom_brown":1,"minecraft:stone_slab":14,"minecraft:tall_grass":3,"minecraft:copper_ore":1,"minecraft:birch_planks":5,"minecraft:yellow_bed":1,"minecraft:black_wool":1,"minecraft:coal_ore":8,"minecraft:gravel":30,"biomesoplenty:stringy_cobweb":7,"minecraft:cobweb":1,"minecraft:acacia_planks":2,"biomesoplenty:orange_maple_leaf_pile":10,"minecraft:stone_bricks":169,"minecraft:fern":1},"minecraft:crafted":{"minecraft:oak_planks":40,"quark:birch_chest":10,"minecraft:stone":876,"minecraft:cobblestone_stairs":56,"iceandfire:armor_copper_metal_boots":2,"minecraft:hopper":5,"minecraft:glass":11,"minecraft:stone_brick_slab":6,"iceandfire:armor_copper_metal_chestplate":1,"minecraft:chest":13,"minecraft:stone_bricks":1796,"biomesoplenty:redwood_sign":6,"travelersbackpack:iron_tier_upgrade":1,"minecraft:cooked_porkchop":0,"minecraft:crafting_table":3,"minecraft:baked_potato":78,"travelersbackpack:standard":3,"minecraft:smithing_table":1,"minecraft:copper_ingot":72,"minecraft:birch_planks":144,"minecraft:light_gray_bed":2,"minecraft:stone_brick_stairs":88,"quark:oak_chest":3,"minecraft:stick":376,"minecraft:stone_slab":108,"minecraft:iron_pickaxe":2,"minecraft:iron_ingot":0,"minecraft:stone_sword":1,"minecraft:gold_ingot":6,"minecraft:black_bed":5,"biomesoplenty:maple_trapdoor":2,"minecraft:stone_shovel":10,"minecraft:stone_brick_wall":192,"vanillaplustools:stone_hammer":1,"comforts:sleeping_bag_white":1,"biomesoplenty:maple_planks":152,"iceandfire:armor_copper_metal_leggings":1,"travelersbackpack:blank_upgrade":4,"travelersbackpack:gold_tier_upgrade":1,"iceandfire:armor_copper_metal_helmet":2,"iceandfire:copper_shovel":12,"minecraft:iron_axe":2,"tradingpost:trading_post":1,"minecraft:stone_pickaxe":10,"minecraft:cooked_beef":10,"iceandfire:silver_ingot":0,"travelersbackpack:backpack_tank":4,"biomesoplenty:redwood_fence_gate":11,"minecraft:bucket":1,"minecraft:stone_axe":1,"minecraft:bread":8,"minecraft:air":0,"minecraft:birch_trapdoor":2,"minecraft:iron_shovel":4,"minecraft:white_bed":7,"minecraft:acacia_planks":16,"minecraft:torch":20},"minecraft:picked_up":{"minecraft:wheat":36,"minecraft:lead":2,"minecraft:stone_slab":131,"iceandfire:armor_copper_metal_chestplate":1,"minecraft:enchanted_book":1,"minecraft:stone_brick_stairs":183,"minecraft:string":9,"minecraft:raw_copper":2,"create:limestone":11,"tradingpost:trading_post":2,"minecraft:gold_nugget":2,"minecraft:cobbled_deepslate":3,"comforts:sleeping_bag_white":4,"minecraft:iron_pickaxe":2,"minecraft:furnace":3,"iceandfire:pixie_dust":2,"minecraft:stick":14,"minecraft:birch_trapdoor":1,"minecraft:oak_fence":1,"minecraft:torch":9,"iceandfire:pixie_house_mushroom_brown":1,"minecraft:porkchop":1,"minecraft:light_gray_bed":1,"quark:clear_shard":30,"minecraft:rotten_flesh":13,"minecraft:cobblestone":1649,"minecraft:birch_log":26,"minecraft:magma_block":3,"minecraft:black_bed":7,"biomesoplenty:orange_maple_leaves":2,"minecraft:smoker":1,"minecraft:potato":70,"alexscaves:cave_book":1,"minecraft:flint":2,"artifacts:flame_pendant":1,"minecraft:dirt":1156,"minecraft:bone":2,"minecraft:acacia_planks":2,"minecraft:bow":2,"minecraft:wheat_seeds":211,"fishofthieves:earthworms":91,"ironfurnaces:iron_furnace":1,"minecraft:birch_fence_gate":82,"minecraft:sand":96,"create:crimsite":24,"biomesoplenty:maple_trapdoor":4,"minecraft:granite":45,"minecraft:emerald":1,"minecraft:oak_sapling":1,"iceandfire:raw_silver":5,"minecraft:crafting_table":4,"minecraft:stone_brick_wall":25,"gravestone:obituary":4,"minecraft:moss_carpet":5,"biomesoplenty:maple_planks":10,"minecraft:iron_shovel":2,"minecraft:beef":52,"minecraft:light_gray_wool":7,"minecraft:egg":2,"minecraft:raw_iron":21,"minecraft:stone":108,"quark:birch_chest":6,"minecraft:arrow":1,"artifacts:cowboy_hat":1,"minecraft:stone_shovel":2,"minecraft:shears":1,"minecraft:hay_block":13,"alexscaves:spelunkery_table":1,"minecraft:white_wool":28,"minecraft:golden_carrot":31,"minecraft:leather":26,"biomesoplenty:redwood_sign":2,"minecraft:birch_planks":5,"artifacts:onion_ring":1,"fishofthieves:grubs":4,"minecraft:oak_log":10,"iceandfire:ectoplasm":3,"iceandfire:armor_copper_metal_helmet":1,"minecraft:yellow_bed":1,"minecraft:gunpowder":7,"minecraft:cobblestone_stairs":24,"minecraft:cooked_mutton":2,"chococraft:gysahl_green":4,"minecraft:stone_bricks":275,"minecraft:kelp":84,"biomesoplenty:maple_log":38,"minecraft:iron_ingot":74,"artifacts:kitty_slippers":1,"minecraft:soul_sand":7,"minecraft:dandelion":2,"minecraft:gravel":20,"minecraft:blast_furnace":1,"minecraft:white_bed":7,"minecraft:spider_eye":2,"biomesoplenty:yellow_maple_sapling":16,"ironfurnaces:copper_furnace":1,"quark:hollow_birch_log":9,"minecraft:baked_potato":11,"minecraft:black_wool":15,"minecraft:coal":193,"minecraft:hopper":11},"minecraft:dropped":{"minecraft:birch_planks":32,"minecraft:cooked_porkchop":5,"minecraft:black_bed":4,"minecraft:leather":10,"minecraft:flint":2,"minecraft:cobblestone_stairs":6,"minecraft:dirt":136,"iceandfire:armor_copper_metal_boots":1,"gravestone:obituary":15,"minecraft:gold_nugget":2,"minecraft:sand":3,"minecraft:iron_pickaxe":1,"fishofthieves:grubs":3,"minecraft:gravel":20,"minecraft:stone_axe":1,"minecraft:wheat":1,"minecraft:rotten_flesh":10,"minecraft:white_bed":2,"minecraft:carrot":6,"alexscaves:cave_book":1,"minecraft:gunpowder":2,"minecraft:stone_brick_wall":64,"vanillaplustools:stone_hammer":1,"minecraft:arrow":1,"minecraft:glass":90,"totemic:flute":1,"iceandfire:armor_copper_metal_leggings":1,"minecraft:stone_brick_stairs":44,"minecraft:egg":1,"minecraft:water_bucket":1,"minecraft:iron_ingot":73,"minecraft:wheat_seeds":161,"iceandfire:armor_copper_metal_chestplate":1,"minecraft:stick":2,"quark:clear_shard":3,"minecraft:golden_carrot":4,"minecraft:torch":2,"minecraft:iron_axe":1,"minecraft:iron_shovel":3,"minecraft:bucket":1,"minecraft:dandelion":2,"minecraft:kelp":58,"artifacts:kitty_slippers":1,"minecraft:stone_sword":1,"minecraft:raw_copper":2,"biomesoplenty:yellow_maple_sapling":13,"minecraft:stone_shovel":8,"minecraft:stone_slab":79,"iceandfire:armor_copper_metal_helmet":2,"iceandfire:copper_shovel":12,"minecraft:stone":1,"fishofthieves:earthworms":43,"minecraft:yellow_bed":2,"minecraft:oak_sapling":1,"minecraft:spider_eye":1,"minecraft:stone_bricks":829,"minecraft:stone_pickaxe":1}},"DataVersion":3465}