{"stats":{"minecraft:broken":{"minecraft:iron_shovel":1,"minecraft:stone_pickaxe":1,"minecraft:stone_shovel":4},"minecraft:custom":{"minecraft:mob_kills":13,"minecraft:animals_bred":5,"minecraft:interact_with_crafting_table":54,"minecraft:leave_game":3,"minecraft:time_since_death":2747,"minecraft:climb_one_cm":400,"minecraft:sprint_one_cm":346839,"minecraft:walk_one_cm":326572,"minecraft:damage_blocked_by_shield":105,"minecraft:drop":71,"minecraft:deaths":1,"minecraft:play_time":114590,"minecraft:sneak_time":3508,"minecraft:walk_under_water_one_cm":6854,"minecraft:jump":2694,"minecraft:walk_on_water_one_cm":9418,"minecraft:total_world_time":114590,"minecraft:interact_with_furnace":154,"minecraft:sleep_in_bed":11,"minecraft:time_since_rest":2769,"minecraft:damage_taken":1255,"minecraft:damage_dealt":3016,"minecraft:player_kills":1,"minecraft:swim_one_cm":2601,"minecraft:fly_one_cm":731082,"minecraft:open_chest":184,"minecraft:crouch_one_cm":9931,"minecraft:interact_with_smoker":4,"minecraft:fall_one_cm":66037},"minecraft:used":{"minecraft:moss_carpet":5,"ironfurnaces:copper_furnace":1,"minecraft:iron_shovel":55,"minecraft:stone_shovel":524,"minecraft:chest":2,"minecraft:shield":1,"iceandfire:pixie_house_mushroom_brown":1,"minecraft:iron_sword":51,"minecraft:torch":3,"biomesoplenty:yellow_maple_sapling":1,"minecraft:dirt":87,"iceandfire:pixie_dust":1,"minecraft:granite":2,"minecraft:glass":9,"totemic:flute":1,"minecraft:lava_bucket":1,"minecraft:iron_axe":95,"ironfurnaces:iron_furnace":1,"minecraft:birch_trapdoor":3,"minecraft:golden_carrot":10,"minecraft:furnace":3,"minecraft:potato":34,"minecraft:acacia_planks":2,"minecraft:cobbled_deepslate":3,"minecraft:wheat_seeds":31,"minecraft:water_bucket":56,"minecraft:stone_pickaxe":98,"create:crimsite":2,"quark:hollow_birch_log":9,"tradingpost:trading_post":1,"minecraft:crafting_table":1,"minecraft:smoker":1,"iceandfire:copper_shovel":2,"minecraft:bread":8,"minecraft:iron_pickaxe":11,"minecraft:cobblestone":3,"minecraft:cooked_porkchop":8,"minecraft:bucket":63,"chococraft:gysahl_green":4},"minecraft:killed":{"minecraft:cave_spider":1,"minecraft:zombified_piglin":4,"minecraft:skeleton":1,"minecraft:pig":1,"minecraft:creeper":1,"minecraft:zombie":1,"minecraft:cow":4},"minecraft:mined":{"gravestone:gravestone":2,"minecraft:granite":2,"minecraft:grass_block":306,"biomesoplenty:yellow_maple_leaf_pile":3,"quark:hollow_birch_log":9,"minecraft:furnace":3,"minecraft:iron_ore":16,"minecraft:moss_carpet":1,"minecraft:deepslate_iron_ore":1,"biomesoplenty:yellow_maple_leaves":1,"biomesoplenty:webbing":1,"biomesoplenty:spider_egg":1,"minecraft:stone":40,"create:limestone":11,"biomesoplenty:maple_log":36,"minecraft:smoker":1,"ironfurnaces:iron_furnace":1,"ironfurnaces:copper_furnace":1,"bno:nether_emerald_ore":1,"iceandfire:pixie_house_mushroom_brown":1,"minecraft:cobblestone":3,"minecraft:glass":2,"minecraft:tall_grass":2,"minecraft:wall_torch":3,"minecraft:birch_log":26,"minecraft:wheat":6,"minecraft:birch_trapdoor":1,"minecraft:grass":11,"minecraft:oak_log":11,"minecraft:coal_ore":8,"minecraft:sand":15,"minecraft:dirt":260,"biomesoplenty:stringy_cobweb":7,"minecraft:cobweb":1,"minecraft:acacia_planks":2,"biomesoplenty:orange_maple_leaf_pile":10,"create:crimsite":21,"minecraft:oak_leaves":4,"minecraft:fern":1},"minecraft:crafted":{"minecraft:oak_planks":40,"minecraft:stone_shovel":10,"quark:birch_chest":1,"vanillaplustools:stone_hammer":1,"comforts:sleeping_bag_white":1,"biomesoplenty:maple_planks":132,"iceandfire:armor_copper_metal_leggings":1,"minecraft:stone":354,"iceandfire:armor_copper_metal_boots":1,"iceandfire:armor_copper_metal_helmet":1,"iceandfire:copper_shovel":12,"minecraft:glass":4,"minecraft:iron_axe":1,"tradingpost:trading_post":1,"minecraft:stone_pickaxe":10,"iceandfire:armor_copper_metal_chestplate":1,"minecraft:chest":4,"minecraft:stone_bricks":696,"iceandfire:silver_ingot":0,"minecraft:crafting_table":1,"travelersbackpack:backpack_tank":4,"minecraft:baked_potato":30,"travelersbackpack:standard":1,"minecraft:copper_ingot":72,"minecraft:bucket":1,"minecraft:birch_planks":144,"minecraft:stone_axe":1,"minecraft:bread":8,"minecraft:air":0,"minecraft:stone_brick_stairs":88,"minecraft:stick":112,"minecraft:stone_slab":108,"quark:oak_chest":3,"minecraft:iron_ingot":0,"minecraft:iron_pickaxe":2,"minecraft:birch_trapdoor":2,"minecraft:stone_sword":1,"minecraft:iron_shovel":1},"minecraft:picked_up":{"minecraft:wheat":33,"minecraft:enchanted_book":1,"gravestone:obituary":1,"minecraft:string":4,"minecraft:moss_carpet":5,"create:limestone":11,"minecraft:gold_nugget":2,"minecraft:cobbled_deepslate":3,"minecraft:beef":9,"minecraft:iron_pickaxe":1,"minecraft:furnace":3,"minecraft:egg":1,"minecraft:raw_iron":21,"iceandfire:pixie_dust":2,"minecraft:stick":14,"minecraft:stone":108,"minecraft:birch_trapdoor":1,"minecraft:torch":5,"iceandfire:pixie_house_mushroom_brown":1,"minecraft:porkchop":1,"artifacts:cowboy_hat":1,"minecraft:rotten_flesh":2,"quark:clear_shard":3,"minecraft:stone_shovel":1,"minecraft:white_wool":7,"minecraft:cobblestone":1209,"minecraft:birch_log":26,"minecraft:golden_carrot":31,"minecraft:leather":4,"minecraft:smoker":1,"minecraft:potato":70,"fishofthieves:grubs":1,"minecraft:oak_log":10,"minecraft:gunpowder":2,"minecraft:dirt":574,"minecraft:acacia_planks":2,"chococraft:gysahl_green":4,"minecraft:stone_bricks":116,"minecraft:wheat_seeds":90,"biomesoplenty:maple_log":33,"minecraft:iron_ingot":74,"artifacts:kitty_slippers":1,"fishofthieves:earthworms":64,"ironfurnaces:iron_furnace":1,"minecraft:sand":15,"create:crimsite":21,"biomesoplenty:yellow_maple_sapling":11,"ironfurnaces:copper_furnace":1,"minecraft:granite":2,"quark:hollow_birch_log":9,"minecraft:emerald":1,"minecraft:baked_potato":11,"minecraft:oak_sapling":1,"minecraft:coal":193,"iceandfire:raw_silver":5},"minecraft:dropped":{"minecraft:iron_ingot":73,"minecraft:birch_planks":32,"minecraft:wheat_seeds":40,"minecraft:cooked_porkchop":5,"iceandfire:armor_copper_metal_chestplate":1,"minecraft:stick":2,"minecraft:dirt":1,"minecraft:torch":2,"iceandfire:armor_copper_metal_boots":1,"minecraft:gold_nugget":2,"gravestone:obituary":4,"minecraft:iron_pickaxe":1,"minecraft:bucket":1,"minecraft:stone_axe":1,"artifacts:kitty_slippers":1,"minecraft:stone_sword":1,"biomesoplenty:yellow_maple_sapling":10,"minecraft:stone_shovel":7,"minecraft:rotten_flesh":3,"iceandfire:armor_copper_metal_helmet":1,"iceandfire:copper_shovel":12,"minecraft:carrot":6,"minecraft:gunpowder":2,"fishofthieves:earthworms":26,"minecraft:oak_sapling":1,"vanillaplustools:stone_hammer":1,"minecraft:stone_bricks":116,"minecraft:stone_pickaxe":1,"totemic:flute":1,"iceandfire:armor_copper_metal_leggings":1,"minecraft:egg":1}},"DataVersion":3465}