{"stats":{"minecraft:broken":{"minecraft:iron_shovel":1,"minecraft:stone_pickaxe":1,"minecraft:stone_shovel":4},"minecraft:custom":{"minecraft:mob_kills":9,"minecraft:animals_bred":3,"minecraft:interact_with_crafting_table":41,"minecraft:leave_game":3,"minecraft:time_since_death":90590,"minecraft:climb_one_cm":400,"minecraft:sprint_one_cm":272352,"minecraft:walk_one_cm":248567,"minecraft:damage_blocked_by_shield":105,"minecraft:drop":61,"minecraft:play_time":90590,"minecraft:sneak_time":2982,"minecraft:walk_under_water_one_cm":6544,"minecraft:jump":2215,"minecraft:walk_on_water_one_cm":4942,"minecraft:total_world_time":90590,"minecraft:interact_with_furnace":85,"minecraft:sleep_in_bed":2,"minecraft:time_since_rest":46215,"minecraft:damage_taken":795,"minecraft:damage_dealt":1903,"minecraft:swim_one_cm":2601,"minecraft:fly_one_cm":607726,"minecraft:open_chest":152,"minecraft:crouch_one_cm":8007,"minecraft:fall_one_cm":61180},"minecraft:used":{"minecraft:moss_carpet":5,"minecraft:iron_shovel":44,"minecraft:stone_shovel":524,"minecraft:chest":2,"minecraft:shield":1,"iceandfire:pixie_house_mushroom_brown":1,"minecraft:iron_sword":34,"minecraft:torch":3,"biomesoplenty:yellow_maple_sapling":1,"minecraft:dirt":76,"iceandfire:pixie_dust":1,"minecraft:granite":2,"minecraft:glass":9,"totemic:flute":1,"minecraft:lava_bucket":1,"minecraft:iron_axe":93,"minecraft:birch_trapdoor":3,"minecraft:golden_carrot":4,"minecraft:potato":34,"minecraft:cobbled_deepslate":3,"minecraft:wheat_seeds":31,"minecraft:water_bucket":12,"minecraft:stone_pickaxe":98,"create:crimsite":2,"quark:hollow_birch_log":9,"minecraft:crafting_table":1,"iceandfire:copper_shovel":2,"minecraft:bread":8,"minecraft:iron_pickaxe":1,"minecraft:cooked_porkchop":8,"minecraft:bucket":16,"chococraft:gysahl_green":4},"minecraft:killed":{"minecraft:cave_spider":1,"minecraft:skeleton":1,"minecraft:pig":1,"minecraft:creeper":1,"minecraft:zombie":1,"minecraft:cow":4},"minecraft:mined":{"minecraft:granite":2,"minecraft:grass_block":297,"biomesoplenty:yellow_maple_leaf_pile":3,"quark:hollow_birch_log":9,"minecraft:iron_ore":16,"minecraft:moss_carpet":1,"minecraft:deepslate_iron_ore":1,"biomesoplenty:yellow_maple_leaves":1,"biomesoplenty:webbing":1,"biomesoplenty:spider_egg":1,"minecraft:stone":40,"create:limestone":11,"biomesoplenty:maple_log":36,"iceandfire:pixie_house_mushroom_brown":1,"minecraft:glass":2,"minecraft:tall_grass":2,"minecraft:wall_torch":3,"minecraft:birch_log":26,"minecraft:wheat":6,"minecraft:birch_trapdoor":1,"minecraft:grass":9,"minecraft:oak_log":11,"minecraft:coal_ore":8,"minecraft:sand":15,"minecraft:dirt":260,"biomesoplenty:stringy_cobweb":7,"minecraft:cobweb":1,"biomesoplenty:orange_maple_leaf_pile":10,"create:crimsite":21,"minecraft:oak_leaves":4,"minecraft:fern":1},"minecraft:crafted":{"minecraft:oak_planks":40,"minecraft:stone_shovel":10,"quark:birch_chest":1,"vanillaplustools:stone_hammer":1,"biomesoplenty:maple_planks":132,"iceandfire:armor_copper_metal_leggings":1,"minecraft:stone":169,"iceandfire:armor_copper_metal_boots":1,"iceandfire:armor_copper_metal_helmet":1,"iceandfire:copper_shovel":12,"minecraft:glass":4,"minecraft:iron_axe":1,"minecraft:stone_pickaxe":10,"iceandfire:armor_copper_metal_chestplate":1,"minecraft:chest":4,"minecraft:stone_bricks":248,"iceandfire:silver_ingot":0,"minecraft:crafting_table":1,"travelersbackpack:backpack_tank":4,"minecraft:baked_potato":10,"travelersbackpack:standard":1,"minecraft:copper_ingot":72,"minecraft:bucket":1,"minecraft:birch_planks":144,"minecraft:stone_axe":1,"minecraft:bread":8,"minecraft:air":0,"minecraft:stone_brick_stairs":88,"minecraft:stick":112,"minecraft:stone_slab":108,"quark:oak_chest":3,"minecraft:iron_ingot":0,"minecraft:iron_pickaxe":2,"minecraft:birch_trapdoor":2,"minecraft:stone_sword":1,"minecraft:iron_shovel":1},"minecraft:picked_up":{"minecraft:wheat":32,"minecraft:enchanted_book":1,"minecraft:string":4,"minecraft:moss_carpet":5,"create:limestone":11,"minecraft:cobbled_deepslate":3,"minecraft:beef":9,"minecraft:iron_pickaxe":1,"minecraft:egg":1,"minecraft:raw_iron":21,"iceandfire:pixie_dust":2,"minecraft:stick":14,"minecraft:birch_trapdoor":1,"minecraft:torch":5,"iceandfire:pixie_house_mushroom_brown":1,"minecraft:porkchop":1,"artifacts:cowboy_hat":1,"minecraft:rotten_flesh":1,"quark:clear_shard":3,"minecraft:stone_shovel":1,"minecraft:cobblestone":40,"minecraft:birch_log":26,"minecraft:golden_carrot":31,"minecraft:leather":4,"minecraft:potato":39,"fishofthieves:grubs":1,"minecraft:oak_log":10,"minecraft:gunpowder":2,"minecraft:dirt":566,"chococraft:gysahl_green":4,"minecraft:wheat_seeds":86,"biomesoplenty:maple_log":33,"minecraft:iron_ingot":74,"artifacts:kitty_slippers":1,"fishofthieves:earthworms":63,"minecraft:sand":15,"create:crimsite":21,"biomesoplenty:yellow_maple_sapling":11,"minecraft:granite":2,"quark:hollow_birch_log":9,"minecraft:oak_sapling":1,"minecraft:coal":9},"minecraft:dropped":{"minecraft:iron_ingot":73,"minecraft:birch_planks":32,"minecraft:wheat_seeds":36,"minecraft:cooked_porkchop":5,"iceandfire:armor_copper_metal_chestplate":1,"minecraft:stick":2,"minecraft:dirt":1,"minecraft:torch":2,"iceandfire:armor_copper_metal_boots":1,"minecraft:iron_pickaxe":1,"minecraft:bucket":1,"minecraft:stone_axe":1,"artifacts:kitty_slippers":1,"minecraft:stone_sword":1,"biomesoplenty:yellow_maple_sapling":10,"minecraft:stone_shovel":7,"minecraft:rotten_flesh":1,"iceandfire:armor_copper_metal_helmet":1,"iceandfire:copper_shovel":12,"minecraft:carrot":6,"minecraft:gunpowder":2,"fishofthieves:earthworms":25,"minecraft:oak_sapling":1,"vanillaplustools:stone_hammer":1,"minecraft:stone_pickaxe":1,"totemic:flute":1,"iceandfire:armor_copper_metal_leggings":1,"minecraft:egg":1}},"DataVersion":3465}