{"stats":{"minecraft:custom":{"minecraft:interact_with_furnace":41,"minecraft:mob_kills":8,"minecraft:animals_bred":3,"minecraft:interact_with_crafting_table":33,"minecraft:leave_game":3,"minecraft:time_since_death":72590,"minecraft:sleep_in_bed":2,"minecraft:time_since_rest":28215,"minecraft:sprint_one_cm":191865,"minecraft:damage_taken":392,"minecraft:walk_one_cm":206806,"minecraft:damage_blocked_by_shield":105,"minecraft:drop":57,"minecraft:damage_dealt":1793,"minecraft:swim_one_cm":2505,"minecraft:fly_one_cm":407636,"minecraft:open_chest":114,"minecraft:crouch_one_cm":7332,"minecraft:play_time":72590,"minecraft:sneak_time":2492,"minecraft:walk_under_water_one_cm":4527,"minecraft:jump":1523,"minecraft:walk_on_water_one_cm":4240,"minecraft:total_world_time":72590,"minecraft:fall_one_cm":35810},"minecraft:used":{"minecraft:wheat_seeds":31,"minecraft:water_bucket":3,"minecraft:iron_shovel":29,"minecraft:stone_pickaxe":98,"minecraft:stone_shovel":524,"minecraft:chest":2,"create:crimsite":2,"minecraft:shield":1,"iceandfire:pixie_house_mushroom_brown":1,"minecraft:iron_sword":31,"minecraft:torch":3,"biomesoplenty:yellow_maple_sapling":1,"minecraft:dirt":61,"minecraft:crafting_table":1,"minecraft:granite":2,"totemic:flute":1,"minecraft:lava_bucket":1,"iceandfire:copper_shovel":2,"minecraft:iron_axe":82,"minecraft:bread":2,"minecraft:iron_pickaxe":1,"minecraft:cooked_porkchop":8,"minecraft:bucket":6,"chococraft:gysahl_green":4,"minecraft:potato":34,"minecraft:cobbled_deepslate":3},"minecraft:broken":{"minecraft:stone_pickaxe":1,"minecraft:iron_shovel":1,"minecraft:stone_shovel":4},"minecraft:killed":{"minecraft:cave_spider":1,"minecraft:creeper":1,"minecraft:skeleton":1,"minecraft:zombie":1,"minecraft:cow":4},"minecraft:crafted":{"minecraft:oak_planks":40,"minecraft:stone_shovel":10,"quark:birch_chest":1,"vanillaplustools:stone_hammer":1,"iceandfire:silver_ingot":0,"minecraft:crafting_table":1,"travelersbackpack:backpack_tank":4,"travelersbackpack:standard":1,"biomesoplenty:maple_planks":132,"iceandfire:armor_copper_metal_leggings":1,"minecraft:copper_ingot":72,"minecraft:stone":52,"minecraft:birch_planks":144,"minecraft:stone_axe":1,"iceandfire:armor_copper_metal_helmet":1,"minecraft:bread":8,"minecraft:air":0,"iceandfire:armor_copper_metal_boots":1,"iceandfire:copper_shovel":12,"minecraft:glass":3,"minecraft:stone_brick_stairs":76,"minecraft:iron_axe":1,"minecraft:stick":112,"quark:oak_chest":3,"iceandfire:armor_copper_metal_chestplate":1,"minecraft:iron_ingot":0,"minecraft:iron_pickaxe":2,"minecraft:stone_pickaxe":10,"minecraft:stone_sword":1,"minecraft:chest":4,"minecraft:iron_shovel":1,"minecraft:stone_bricks":116},"minecraft:mined":{"biomesoplenty:maple_log":36,"minecraft:granite":2,"iceandfire:pixie_house_mushroom_brown":1,"minecraft:grass_block":297,"minecraft:tall_grass":2,"biomesoplenty:yellow_maple_leaf_pile":3,"minecraft:wall_torch":3,"minecraft:birch_log":26,"minecraft:iron_ore":16,"minecraft:wheat":6,"minecraft:grass":9,"minecraft:coal_ore":8,"minecraft:oak_log":11,"minecraft:deepslate_iron_ore":1,"biomesoplenty:yellow_maple_leaves":1,"biomesoplenty:webbing":1,"minecraft:dirt":260,"biomesoplenty:stringy_cobweb":7,"minecraft:cobweb":1,"biomesoplenty:orange_maple_leaf_pile":10,"minecraft:stone":40,"biomesoplenty:spider_egg":1,"create:crimsite":21,"create:limestone":11,"minecraft:fern":1},"minecraft:picked_up":{"minecraft:birch_log":26,"minecraft:wheat":32,"minecraft:golden_carrot":31,"minecraft:leather":4,"minecraft:potato":39,"minecraft:oak_log":10,"minecraft:gunpowder":2,"minecraft:dirt":565,"minecraft:string":4,"create:limestone":11,"chococraft:gysahl_green":4,"minecraft:wheat_seeds":86,"minecraft:cobbled_deepslate":3,"biomesoplenty:maple_log":33,"minecraft:iron_ingot":74,"minecraft:beef":9,"artifacts:kitty_slippers":1,"fishofthieves:earthworms":63,"iceandfire:pixie_dust":2,"minecraft:stick":14,"minecraft:raw_iron":21,"minecraft:torch":3,"iceandfire:pixie_house_mushroom_brown":1,"minecraft:stone_shovel":1,"minecraft:rotten_flesh":1,"create:crimsite":21,"artifacts:cowboy_hat":1,"biomesoplenty:yellow_maple_sapling":11,"minecraft:granite":2,"minecraft:oak_sapling":1,"minecraft:coal":9,"minecraft:cobblestone":40},"minecraft:dropped":{"minecraft:iron_ingot":73,"minecraft:stone_axe":1,"minecraft:birch_planks":32,"minecraft:wheat_seeds":24,"artifacts:kitty_slippers":1,"minecraft:stone_sword":1,"minecraft:cooked_porkchop":5,"biomesoplenty:yellow_maple_sapling":10,"minecraft:stone_shovel":7,"iceandfire:armor_copper_metal_chestplate":1,"minecraft:rotten_flesh":1,"iceandfire:armor_copper_metal_helmet":1,"iceandfire:copper_shovel":12,"minecraft:stick":2,"minecraft:dirt":1,"minecraft:gunpowder":2,"fishofthieves:earthworms":25,"minecraft:torch":2,"minecraft:oak_sapling":1,"iceandfire:armor_copper_metal_boots":1,"vanillaplustools:stone_hammer":1,"minecraft:stone_pickaxe":1,"minecraft:iron_pickaxe":1,"iceandfire:armor_copper_metal_leggings":1,"totemic:flute":1}},"DataVersion":3465}