{"stats":{"minecraft:broken":{"minecraft:iron_shovel":3,"minecraft:stone_pickaxe":1,"minecraft:stone_shovel":4,"iceandfire:armor_copper_metal_helmet":1,"minecraft:iron_axe":1,"minecraft:iron_pickaxe":4,"iceandfire:armor_copper_metal_boots":1},"minecraft:custom":{"minecraft:animals_bred":6,"minecraft:interact_with_crafting_table":97,"minecraft:open_barrel":2,"minecraft:leave_game":6,"minecraft:time_since_death":69177,"minecraft:sprint_one_cm":991026,"minecraft:damage_blocked_by_shield":105,"minecraft:drop":197,"minecraft:talked_to_villager":2,"minecraft:play_time":386403,"minecraft:deaths":10,"minecraft:jump":8201,"minecraft:walk_on_water_one_cm":113141,"minecraft:interact_with_furnace":260,"minecraft:sleep_in_bed":21,"minecraft:damage_dealt":13632,"minecraft:player_kills":1,"minecraft:crouch_one_cm":113513,"minecraft:interact_with_smoker":13,"minecraft:interact_with_smithing_table":14,"minecraft:mob_kills":76,"minecraft:climb_one_cm":400,"minecraft:walk_one_cm":980986,"minecraft:sneak_time":30370,"minecraft:walk_under_water_one_cm":93251,"minecraft:interact_with_blast_furnace":8,"minecraft:total_world_time":386403,"minecraft:time_since_rest":12811,"minecraft:damage_taken":9071,"minecraft:swim_one_cm":63482,"minecraft:fly_one_cm":2050254,"minecraft:open_chest":382,"minecraft:fall_one_cm":192640},"minecraft:used":{"minecraft:moss_carpet":5,"minecraft:iron_shovel":765,"minecraft:chest":2,"minecraft:shield":1,"iceandfire:pixie_house_mushroom_brown":1,"minecraft:stone":1,"minecraft:iron_sword":115,"biomesoplenty:yellow_maple_sapling":2,"minecraft:soul_sand":6,"biomesoplenty:orange_maple_leaves":2,"biomesoplenty:redwood_sign":8,"minecraft:glass":14,"minecraft:lava_bucket":4,"totemic:flute":1,"minecraft:stone_brick_stairs":121,"minecraft:stone_bricks":798,"ironfurnaces:iron_furnace":1,"minecraft:birch_trapdoor":3,"minecraft:magma_block":3,"minecraft:furnace":3,"minecraft:egg":1,"minecraft:potato":34,"biomesoplenty:redwood_fence_gate":11,"minecraft:stone_pickaxe":98,"biomesoplenty:maple_planks":14,"create:crimsite":2,"tradingpost:trading_post":3,"minecraft:sand":1,"alexscaves:cave_book":2,"minecraft:blast_furnace":1,"minecraft:stone_brick_wall":135,"minecraft:black_bed":5,"minecraft:shears":5,"iceandfire:copper_shovel":2,"minecraft:birch_fence_gate":82,"minecraft:bread":8,"minecraft:gravel":1,"minecraft:smithing_table":1,"chococraft:gysahl_green":4,"biomesoplenty:maple_trapdoor":6,"minecraft:oak_fence":1,"ironfurnaces:copper_furnace":1,"quark:birch_chest":6,"minecraft:stone_shovel":524,"minecraft:torch":14,"minecraft:dirt":589,"iceandfire:pixie_dust":1,"minecraft:hopper":16,"artifacts:onion_ring":1,"minecraft:granite":25,"minecraft:stone_brick_slab":1,"minecraft:iron_axe":239,"minecraft:golden_carrot":27,"iceandfire:armor_copper_metal_helmet":1,"comforts:sleeping_bag_white":5,"minecraft:cooked_beef":10,"minecraft:acacia_planks":2,"minecraft:cobbled_deepslate":3,"minecraft:light_gray_bed":1,"minecraft:wheat_seeds":31,"minecraft:cooked_mutton":1,"minecraft:water_bucket":149,"minecraft:cobblestone_stairs":53,"minecraft:baked_potato":85,"quark:hollow_birch_log":9,"minecraft:crafting_table":5,"minecraft:white_bed":6,"minecraft:smoker":1,"minecraft:iron_pickaxe":853,"minecraft:stone_slab":52,"minecraft:cobblestone":54,"travelersbackpack:standard":1,"minecraft:cooked_porkchop":10,"minecraft:bucket":162,"minecraft:kelp":26},"minecraft:killed":{"minecraft:cave_spider":1,"minecraft:zombified_piglin":5,"minecraft:witch":2,"minecraft:spider":6,"minecraft:skeleton":8,"minecraft:pig":1,"minecraft:zombie_villager":1,"minecraft:creeper":10,"minecraft:zombie":13,"minecraft:cow":24,"minecraft:phantom":2,"minecraft:drowned":2},"minecraft:mined":{"minecraft:white_bed":5,"minecraft:cobblestone_stairs":25,"minecraft:granite":51,"minecraft:grass_block":586,"minecraft:stone_brick_wall":35,"minecraft:light_gray_bed":1,"minecraft:hopper":11,"quark:hollow_birch_log":9,"minecraft:tall_seagrass":2,"minecraft:magma_block":3,"minecraft:iron_ore":16,"minecraft:fire":2,"minecraft:moss_carpet":1,"create:asurine":12,"biomesoplenty:yellow_maple_leaves":1,"biomesoplenty:orange_maple_leaves":2,"biomesoplenty:webbing":2,"biomesoplenty:redwood_wall_sign":2,"create:limestone":11,"biomesoplenty:maple_log":41,"minecraft:kelp_plant":19,"biomesoplenty:yellow_maple_sapling":2,"minecraft:smoker":1,"ironfurnaces:iron_furnace":1,"ironfurnaces:copper_furnace":1,"bno:nether_emerald_ore":1,"minecraft:blast_furnace":2,"tradingpost:trading_post":2,"minecraft:glass":8,"minecraft:cobblestone":34,"minecraft:wall_torch":6,"minecraft:seagrass":1,"minecraft:birch_log":26,"minecraft:wheat":6,"minecraft:birch_trapdoor":1,"minecraft:black_bed":4,"minecraft:stone_brick_stairs":14,"biomesoplenty:maple_planks":12,"minecraft:grass":26,"quark:birch_chest":6,"minecraft:oak_log":11,"minecraft:sand":108,"minecraft:dirt":584,"create:crimsite":24,"minecraft:oak_leaves":4,"minecraft:deepslate":114,"alexscaves:spelunkery_table":1,"biomesoplenty:maple_trapdoor":5,"minecraft:birch_fence_gate":21,"gravestone:gravestone":8,"biomesoplenty:yellow_maple_leaf_pile":3,"minecraft:kelp":6,"minecraft:hay_block":13,"minecraft:furnace":3,"minecraft:andesite":16,"minecraft:deepslate_iron_ore":2,"biomesoplenty:spider_egg":1,"minecraft:stone":359,"minecraft:soul_sand":1,"minecraft:dandelion":1,"minecraft:oak_fence":1,"minecraft:crafting_table":4,"iceandfire:pixie_house_mushroom_brown":1,"minecraft:stone_slab":16,"minecraft:tall_grass":3,"minecraft:copper_ore":1,"minecraft:deepslate_gold_ore":15,"minecraft:birch_planks":5,"minecraft:yellow_bed":1,"minecraft:black_wool":1,"minecraft:coal_ore":8,"minecraft:gravel":32,"biomesoplenty:stringy_cobweb":7,"minecraft:cobweb":1,"minecraft:acacia_planks":2,"biomesoplenty:orange_maple_leaf_pile":10,"minecraft:stone_bricks":170,"minecraft:fern":1},"minecraft:crafted":{"minecraft:oak_planks":40,"quark:birch_chest":10,"minecraft:stone":876,"minecraft:cobblestone_stairs":56,"iceandfire:armor_copper_metal_boots":2,"minecraft:glass":15,"minecraft:hopper":5,"minecraft:stone_brick_slab":6,"iceandfire:armor_copper_metal_chestplate":1,"minecraft:chest":13,"minecraft:stone_bricks":1796,"biomesoplenty:redwood_sign":6,"travelersbackpack:iron_tier_upgrade":2,"minecraft:cooked_porkchop":0,"minecraft:crafting_table":3,"travelersbackpack:standard":4,"minecraft:baked_potato":78,"minecraft:smithing_table":1,"minecraft:copper_ingot":72,"minecraft:birch_planks":144,"minecraft:light_gray_bed":2,"minecraft:stone_brick_stairs":88,"minecraft:charcoal":7,"minecraft:stone_slab":108,"minecraft:stick":376,"quark:oak_chest":3,"minecraft:iron_pickaxe":5,"minecraft:iron_ingot":16,"minecraft:stone_sword":1,"minecraft:gold_ingot":6,"minecraft:black_bed":5,"biomesoplenty:maple_trapdoor":2,"minecraft:stone_shovel":10,"minecraft:stone_brick_wall":192,"vanillaplustools:stone_hammer":1,"comforts:sleeping_bag_white":1,"biomesoplenty:maple_planks":152,"iceandfire:armor_copper_metal_leggings":1,"travelersbackpack:blank_upgrade":8,"travelersbackpack:gold_tier_upgrade":1,"iceandfire:armor_copper_metal_helmet":2,"iceandfire:copper_shovel":12,"minecraft:iron_axe":2,"tradingpost:trading_post":1,"minecraft:stone_pickaxe":10,"travelersbackpack:diamond_tier_upgrade":2,"minecraft:cooked_beef":10,"iceandfire:silver_ingot":0,"travelersbackpack:backpack_tank":6,"minecraft:iron_sword":1,"biomesoplenty:redwood_fence_gate":11,"minecraft:bucket":1,"minecraft:stone_axe":1,"minecraft:bread":8,"minecraft:air":0,"minecraft:birch_trapdoor":2,"minecraft:iron_shovel":5,"minecraft:white_bed":7,"minecraft:acacia_planks":16,"minecraft:torch":20},"minecraft:picked_up":{"minecraft:iron_chestplate":1,"minecraft:wheat":38,"minecraft:stone_slab":131,"minecraft:lead":2,"iceandfire:armor_copper_metal_chestplate":1,"minecraft:oak_stairs":2,"minecraft:enchanted_book":1,"minecraft:stone_brick_stairs":183,"minecraft:string":12,"minecraft:raw_copper":2,"create:limestone":11,"minecraft:iron_leggings":1,"tradingpost:trading_post":2,"minecraft:gold_nugget":2,"minecraft:cobbled_deepslate":116,"comforts:sleeping_bag_white":5,"minecraft:iron_pickaxe":2,"minecraft:iron_boots":1,"minecraft:furnace":3,"iceandfire:pixie_dust":2,"minecraft:stick":14,"iceandfire:armor_copper_metal_leggings":2,"minecraft:birch_trapdoor":1,"minecraft:oak_fence":1,"minecraft:torch":9,"iceandfire:pixie_house_mushroom_brown":1,"minecraft:porkchop":1,"minecraft:stone_sword":1,"quark:clear_shard":34,"minecraft:light_gray_bed":1,"minecraft:rotten_flesh":18,"create:asurine":12,"minecraft:cobblestone":1683,"minecraft:birch_log":26,"minecraft:magma_block":3,"minecraft:andesite":16,"minecraft:black_bed":7,"biomesoplenty:orange_maple_leaves":2,"minecraft:smoker":1,"minecraft:potato":167,"alexscaves:cave_book":1,"minecraft:flint":2,"artifacts:flame_pendant":1,"minecraft:dirt":1193,"minecraft:glass":8,"minecraft:bone":4,"minecraft:acacia_planks":2,"minecraft:bow":2,"minecraft:wheat_seeds":285,"minecraft:raw_gold":17,"fishofthieves:earthworms":93,"ironfurnaces:iron_furnace":1,"minecraft:poisonous_potato":1,"minecraft:birch_fence_gate":82,"minecraft:sand":108,"create:crimsite":24,"biomesoplenty:maple_trapdoor":4,"minecraft:granite":47,"minecraft:emerald":1,"minecraft:oak_sapling":1,"iceandfire:raw_silver":5,"minecraft:crafting_table":4,"minecraft:stone_brick_wall":34,"gravestone:obituary":5,"minecraft:moss_carpet":5,"biomesoplenty:maple_planks":15,"minecraft:iron_shovel":2,"minecraft:beef":52,"minecraft:light_gray_wool":7,"minecraft:egg":2,"minecraft:raw_iron":22,"minecraft:stone":108,"minecraft:white_dye":9,"quark:birch_chest":6,"minecraft:stone_shovel":2,"minecraft:arrow":2,"artifacts:cowboy_hat":1,"minecraft:shears":1,"minecraft:hay_block":13,"alexscaves:spelunkery_table":1,"minecraft:white_wool":28,"minecraft:golden_carrot":31,"minecraft:leather":26,"biomesoplenty:redwood_sign":2,"minecraft:birch_planks":5,"artifacts:onion_ring":1,"fishofthieves:grubs":4,"minecraft:oak_log":10,"iceandfire:ectoplasm":3,"minecraft:gunpowder":11,"minecraft:yellow_bed":1,"iceandfire:armor_copper_metal_helmet":1,"minecraft:cobblestone_stairs":24,"minecraft:cooked_mutton":2,"chococraft:gysahl_green":4,"minecraft:stone_bricks":278,"minecraft:kelp":84,"biomesoplenty:maple_log":38,"minecraft:iron_ingot":74,"minecraft:stone_pickaxe":1,"artifacts:kitty_slippers":1,"travelersbackpack:blank_upgrade":1,"minecraft:soul_sand":7,"minecraft:dandelion":2,"minecraft:gravel":22,"minecraft:blast_furnace":2,"minecraft:white_bed":10,"minecraft:spider_eye":2,"biomesoplenty:yellow_maple_sapling":17,"minecraft:iron_helmet":1,"ironfurnaces:copper_furnace":1,"quark:hollow_birch_log":9,"minecraft:baked_potato":11,"minecraft:black_wool":15,"minecraft:coal":193,"minecraft:hopper":11},"minecraft:dropped":{"minecraft:birch_planks":32,"minecraft:cooked_porkchop":5,"minecraft:black_bed":4,"minecraft:leather":11,"travelersbackpack:iron_tier_upgrade":1,"minecraft:flint":2,"minecraft:cobblestone_stairs":6,"minecraft:dirt":136,"iceandfire:armor_copper_metal_boots":1,"gravestone:obituary":15,"minecraft:gold_nugget":2,"minecraft:sand":3,"minecraft:iron_pickaxe":1,"biomesoplenty:maple_planks":3,"fishofthieves:grubs":3,"minecraft:gravel":21,"minecraft:stone_axe":1,"minecraft:wheat":3,"minecraft:rotten_flesh":29,"minecraft:white_bed":2,"minecraft:carrot":6,"alexscaves:cave_book":1,"minecraft:gunpowder":2,"minecraft:stone_brick_wall":64,"vanillaplustools:stone_hammer":1,"minecraft:arrow":1,"minecraft:glass":90,"iceandfire:armor_copper_metal_leggings":3,"totemic:flute":1,"minecraft:stone_brick_stairs":44,"minecraft:egg":1,"minecraft:water_bucket":1,"minecraft:iron_ingot":73,"minecraft:wheat_seeds":235,"minecraft:poisonous_potato":1,"iceandfire:armor_copper_metal_chestplate":1,"minecraft:cobblestone":5,"minecraft:stick":2,"quark:clear_shard":7,"minecraft:golden_carrot":4,"minecraft:torch":2,"travelersbackpack:blank_upgrade":3,"minecraft:iron_axe":1,"minecraft:iron_shovel":3,"minecraft:string":8,"minecraft:bucket":1,"minecraft:dandelion":2,"minecraft:kelp":58,"artifacts:kitty_slippers":1,"minecraft:stone_sword":2,"minecraft:raw_copper":2,"biomesoplenty:yellow_maple_sapling":15,"minecraft:stone_shovel":8,"minecraft:stone_slab":79,"iceandfire:armor_copper_metal_helmet":2,"iceandfire:copper_shovel":12,"travelersbackpack:diamond_tier_upgrade":1,"minecraft:potato":1,"minecraft:stone":1,"fishofthieves:earthworms":51,"minecraft:yellow_bed":2,"minecraft:oak_sapling":1,"minecraft:spider_eye":1,"minecraft:stone_bricks":830,"minecraft:stone_pickaxe":2}},"DataVersion":3465}