{"stats":{"minecraft:mined":{"minecraft:dark_oak_leaves":1,"minecraft:birch_log":2},"minecraft:used":{"minecraft:orange_bed":1,"minecraft:firework_rocket":177,"minecraft:crafting_table":2,"aether:altar":3,"minecraft:elytra":1},"minecraft:crafted":{"minecraft:birch_planks":8,"minecraft:crafting_table":2},"minecraft:picked_up":{"minecraft:birch_log":2,"minecraft:firework_rocket":64},"minecraft:custom":{"minecraft:time_since_rest":553,"minecraft:open_chest":1,"minecraft:crouch_one_cm":147,"minecraft:sprint_one_cm":14802,"minecraft:play_time":4889,"minecraft:damage_taken":50,"minecraft:walk_one_cm":5158,"minecraft:sneak_time":68,"minecraft:drop":2,"minecraft:aviate_one_cm":427009,"minecraft:jump":117,"minecraft:leave_game":2,"minecraft:time_since_death":4889,"minecraft:sleep_in_bed":1,"minecraft:total_world_time":4889,"minecraft:fall_one_cm":3032,"minecraft:fly_one_cm":26247},"minecraft:dropped":{"aether:altar":1,"minecraft:firework_rocket":64}},"DataVersion":3465}