{"stats":{"minecraft:broken":{"minecraft:iron_shovel":2,"minecraft:stone_pickaxe":1,"minecraft:iron_axe":1,"minecraft:iron_pickaxe":3,"minecraft:stone_shovel":4,"iceandfire:armor_copper_metal_boots":1,"iceandfire:armor_copper_metal_helmet":1},"minecraft:used":{"minecraft:oak_fence":1,"minecraft:moss_carpet":5,"ironfurnaces:copper_furnace":1,"quark:birch_chest":6,"minecraft:iron_shovel":516,"minecraft:stone_shovel":524,"minecraft:chest":2,"minecraft:shield":1,"iceandfire:pixie_house_mushroom_brown":1,"minecraft:stone":1,"minecraft:iron_sword":56,"minecraft:torch":12,"biomesoplenty:yellow_maple_sapling":2,"minecraft:soul_sand":4,"minecraft:dirt":388,"minecraft:hopper":16,"iceandfire:pixie_dust":1,"biomesoplenty:orange_maple_leaves":2,"minecraft:granite":25,"biomesoplenty:redwood_sign":8,"minecraft:lava_bucket":4,"minecraft:glass":13,"totemic:flute":1,"minecraft:iron_axe":153,"minecraft:stone_brick_stairs":121,"minecraft:stone_bricks":626,"ironfurnaces:iron_furnace":1,"minecraft:golden_carrot":27,"minecraft:magma_block":3,"minecraft:birch_trapdoor":3,"minecraft:furnace":3,"minecraft:egg":1,"comforts:sleeping_bag_white":3,"minecraft:potato":34,"minecraft:cobbled_deepslate":3,"minecraft:acacia_planks":2,"minecraft:wheat_seeds":31,"minecraft:cooked_mutton":1,"minecraft:water_bucket":75,"minecraft:baked_potato":29,"biomesoplenty:redwood_fence_gate":11,"minecraft:stone_pickaxe":98,"minecraft:cobblestone_stairs":53,"quark:hollow_birch_log":9,"create:crimsite":2,"tradingpost:trading_post":3,"alexscaves:cave_book":2,"minecraft:blast_furnace":1,"minecraft:crafting_table":3,"minecraft:stone_brick_wall":129,"minecraft:smoker":1,"minecraft:shears":5,"iceandfire:copper_shovel":2,"minecraft:birch_fence_gate":82,"minecraft:bread":8,"minecraft:iron_pickaxe":506,"minecraft:stone_slab":16,"travelersbackpack:standard":1,"minecraft:cobblestone":46,"minecraft:smithing_table":1,"minecraft:cooked_porkchop":8,"chococraft:gysahl_green":4,"minecraft:bucket":85,"minecraft:kelp":26},"minecraft:custom":{"minecraft:interact_with_smithing_table":7,"minecraft:mob_kills":34,"minecraft:animals_bred":6,"minecraft:interact_with_crafting_table":86,"minecraft:open_barrel":1,"minecraft:leave_game":5,"minecraft:time_since_death":60027,"minecraft:climb_one_cm":400,"minecraft:sprint_one_cm":682714,"minecraft:walk_one_cm":669745,"minecraft:damage_blocked_by_shield":105,"minecraft:drop":133,"minecraft:play_time":260474,"minecraft:sneak_time":15232,"minecraft:deaths":7,"minecraft:walk_under_water_one_cm":51150,"minecraft:jump":5328,"minecraft:interact_with_blast_furnace":5,"minecraft:walk_on_water_one_cm":44297,"minecraft:total_world_time":260474,"minecraft:interact_with_furnace":231,"minecraft:sleep_in_bed":17,"minecraft:time_since_rest":11707,"minecraft:damage_taken":4863,"minecraft:damage_dealt":5220,"minecraft:player_kills":1,"minecraft:swim_one_cm":50335,"minecraft:fly_one_cm":1429414,"minecraft:crouch_one_cm":64119,"minecraft:open_chest":309,"minecraft:interact_with_smoker":11,"minecraft:fall_one_cm":124867},"minecraft:killed":{"minecraft:cave_spider":1,"minecraft:zombified_piglin":5,"minecraft:skeleton":1,"minecraft:pig":1,"minecraft:creeper":1,"minecraft:zombie":1,"minecraft:cow":24},"minecraft:crafted":{"minecraft:oak_planks":40,"minecraft:stone_shovel":10,"minecraft:stone_brick_wall":192,"quark:birch_chest":10,"vanillaplustools:stone_hammer":1,"comforts:sleeping_bag_white":1,"biomesoplenty:maple_planks":132,"iceandfire:armor_copper_metal_leggings":1,"minecraft:cobblestone_stairs":56,"minecraft:stone":876,"travelersbackpack:blank_upgrade":4,"travelersbackpack:gold_tier_upgrade":1,"iceandfire:copper_shovel":12,"iceandfire:armor_copper_metal_helmet":2,"iceandfire:armor_copper_metal_boots":2,"minecraft:glass":10,"minecraft:hopper":5,"minecraft:iron_axe":2,"tradingpost:trading_post":1,"iceandfire:armor_copper_metal_chestplate":1,"minecraft:stone_pickaxe":10,"minecraft:chest":13,"minecraft:stone_bricks":1796,"minecraft:cooked_beef":10,"minecraft:cooked_porkchop":0,"travelersbackpack:iron_tier_upgrade":1,"biomesoplenty:redwood_sign":6,"iceandfire:silver_ingot":0,"minecraft:crafting_table":1,"travelersbackpack:backpack_tank":4,"travelersbackpack:standard":3,"minecraft:baked_potato":30,"biomesoplenty:redwood_fence_gate":11,"minecraft:smithing_table":1,"minecraft:copper_ingot":72,"minecraft:bucket":1,"minecraft:birch_planks":144,"minecraft:stone_axe":1,"minecraft:air":0,"minecraft:bread":8,"minecraft:light_gray_bed":2,"minecraft:stone_brick_stairs":88,"minecraft:stick":376,"minecraft:stone_slab":108,"quark:oak_chest":3,"minecraft:iron_ingot":0,"minecraft:iron_pickaxe":2,"minecraft:birch_trapdoor":2,"minecraft:stone_sword":1,"minecraft:iron_shovel":4,"minecraft:gold_ingot":6,"minecraft:black_bed":5,"minecraft:white_bed":7,"minecraft:torch":20,"minecraft:acacia_planks":16},"minecraft:mined":{"alexscaves:spelunkery_table":1,"minecraft:white_bed":2,"minecraft:cobblestone_stairs":25,"minecraft:birch_fence_gate":21,"minecraft:granite":49,"gravestone:gravestone":5,"minecraft:grass_block":569,"minecraft:stone_brick_wall":2,"minecraft:kelp":6,"biomesoplenty:yellow_maple_leaf_pile":3,"minecraft:hopper":11,"quark:hollow_birch_log":9,"minecraft:hay_block":13,"minecraft:tall_seagrass":2,"minecraft:magma_block":3,"minecraft:furnace":3,"minecraft:iron_ore":16,"minecraft:fire":2,"minecraft:moss_carpet":1,"minecraft:deepslate_iron_ore":1,"biomesoplenty:webbing":1,"biomesoplenty:yellow_maple_leaves":1,"biomesoplenty:orange_maple_leaves":2,"biomesoplenty:redwood_wall_sign":2,"minecraft:stone":330,"biomesoplenty:spider_egg":1,"create:limestone":11,"biomesoplenty:maple_log":36,"minecraft:soul_sand":1,"biomesoplenty:yellow_maple_sapling":2,"minecraft:kelp_plant":19,"minecraft:smoker":1,"minecraft:dandelion":1,"ironfurnaces:iron_furnace":1,"minecraft:oak_fence":1,"ironfurnaces:copper_furnace":1,"minecraft:crafting_table":4,"bno:nether_emerald_ore":1,"iceandfire:pixie_house_mushroom_brown":1,"minecraft:blast_furnace":1,"minecraft:stone_slab":2,"tradingpost:trading_post":2,"minecraft:copper_ore":1,"minecraft:tall_grass":3,"minecraft:glass":8,"minecraft:cobblestone":34,"minecraft:wall_torch":6,"minecraft:seagrass":1,"minecraft:birch_log":26,"minecraft:wheat":6,"minecraft:birch_trapdoor":1,"minecraft:yellow_bed":1,"minecraft:stone_brick_stairs":14,"minecraft:black_wool":1,"minecraft:grass":22,"quark:birch_chest":6,"minecraft:coal_ore":8,"minecraft:oak_log":11,"minecraft:gravel":30,"minecraft:sand":30,"minecraft:dirt":427,"minecraft:cobweb":1,"biomesoplenty:stringy_cobweb":7,"biomesoplenty:orange_maple_leaf_pile":10,"minecraft:acacia_planks":2,"minecraft:stone_bricks":62,"create:crimsite":24,"minecraft:oak_leaves":4,"minecraft:fern":1},"minecraft:picked_up":{"minecraft:crafting_table":4,"minecraft:wheat":36,"minecraft:stone_slab":114,"minecraft:lead":2,"iceandfire:armor_copper_metal_chestplate":1,"minecraft:stone_brick_wall":2,"minecraft:enchanted_book":1,"minecraft:stone_brick_stairs":183,"gravestone:obituary":4,"minecraft:string":4,"minecraft:moss_carpet":5,"minecraft:raw_copper":2,"create:limestone":11,"tradingpost:trading_post":2,"minecraft:gold_nugget":2,"minecraft:cobbled_deepslate":3,"comforts:sleeping_bag_white":3,"minecraft:beef":52,"minecraft:iron_pickaxe":2,"minecraft:light_gray_wool":7,"minecraft:furnace":3,"minecraft:egg":2,"iceandfire:pixie_dust":2,"minecraft:stick":14,"minecraft:raw_iron":21,"minecraft:stone":108,"minecraft:birch_trapdoor":1,"minecraft:oak_fence":1,"minecraft:torch":9,"iceandfire:pixie_house_mushroom_brown":1,"minecraft:porkchop":1,"quark:birch_chest":6,"minecraft:stone_shovel":2,"minecraft:rotten_flesh":2,"quark:clear_shard":26,"artifacts:cowboy_hat":1,"minecraft:shears":1,"minecraft:hay_block":13,"alexscaves:spelunkery_table":1,"minecraft:white_wool":28,"minecraft:cobblestone":1649,"minecraft:birch_log":26,"minecraft:magma_block":3,"minecraft:golden_carrot":31,"minecraft:leather":26,"minecraft:black_bed":3,"biomesoplenty:orange_maple_leaves":2,"biomesoplenty:redwood_sign":2,"minecraft:smoker":1,"minecraft:potato":70,"minecraft:flint":2,"artifacts:onion_ring":1,"alexscaves:cave_book":1,"fishofthieves:grubs":1,"minecraft:oak_log":10,"iceandfire:ectoplasm":3,"minecraft:yellow_bed":1,"artifacts:flame_pendant":1,"minecraft:gunpowder":2,"minecraft:cobblestone_stairs":24,"minecraft:dirt":985,"minecraft:cooked_mutton":2,"minecraft:acacia_planks":2,"chococraft:gysahl_green":4,"minecraft:stone_bricks":170,"minecraft:kelp":84,"minecraft:wheat_seeds":211,"biomesoplenty:maple_log":33,"minecraft:iron_ingot":74,"artifacts:kitty_slippers":1,"fishofthieves:earthworms":83,"ironfurnaces:iron_furnace":1,"minecraft:soul_sand":7,"minecraft:dandelion":2,"minecraft:gravel":20,"minecraft:birch_fence_gate":82,"minecraft:sand":30,"minecraft:blast_furnace":1,"minecraft:white_bed":7,"create:crimsite":24,"biomesoplenty:yellow_maple_sapling":14,"ironfurnaces:copper_furnace":1,"minecraft:granite":45,"quark:hollow_birch_log":9,"minecraft:emerald":1,"minecraft:baked_potato":11,"minecraft:oak_sapling":1,"minecraft:black_wool":15,"minecraft:coal":193,"minecraft:hopper":11,"iceandfire:raw_silver":5},"minecraft:dropped":{"minecraft:water_bucket":1,"minecraft:iron_ingot":73,"minecraft:birch_planks":32,"minecraft:wheat_seeds":160,"minecraft:cooked_porkchop":5,"iceandfire:armor_copper_metal_chestplate":1,"minecraft:black_bed":4,"minecraft:leather":10,"minecraft:cobblestone_stairs":6,"minecraft:stick":2,"minecraft:flint":2,"minecraft:dirt":1,"quark:clear_shard":3,"minecraft:golden_carrot":4,"minecraft:torch":2,"iceandfire:armor_copper_metal_boots":1,"minecraft:iron_axe":1,"gravestone:obituary":12,"minecraft:gold_nugget":2,"minecraft:sand":3,"minecraft:iron_pickaxe":1,"minecraft:bucket":1,"minecraft:dandelion":2,"minecraft:gravel":20,"minecraft:stone_axe":1,"minecraft:kelp":58,"artifacts:kitty_slippers":1,"minecraft:raw_copper":2,"minecraft:stone_sword":1,"minecraft:wheat":1,"biomesoplenty:yellow_maple_sapling":12,"minecraft:stone_shovel":8,"minecraft:rotten_flesh":3,"iceandfire:armor_copper_metal_helmet":1,"iceandfire:copper_shovel":12,"minecraft:white_bed":2,"minecraft:carrot":6,"minecraft:stone":1,"alexscaves:cave_book":1,"minecraft:gunpowder":2,"fishofthieves:earthworms":37,"minecraft:stone_brick_wall":64,"minecraft:yellow_bed":2,"minecraft:oak_sapling":1,"vanillaplustools:stone_hammer":1,"minecraft:stone_bricks":824,"minecraft:glass":44,"minecraft:stone_pickaxe":1,"iceandfire:armor_copper_metal_leggings":1,"totemic:flute":1,"minecraft:stone_brick_stairs":44,"minecraft:egg":1}},"DataVersion":3465}