{"stats":{"minecraft:broken":{"minecraft:iron_shovel":2,"minecraft:stone_pickaxe":1,"minecraft:iron_pickaxe":1,"minecraft:stone_shovel":4},"minecraft:custom":{"minecraft:mob_kills":20,"minecraft:animals_bred":6,"minecraft:interact_with_crafting_table":66,"minecraft:leave_game":4,"minecraft:time_since_death":49251,"minecraft:climb_one_cm":400,"minecraft:sprint_one_cm":422859,"minecraft:walk_one_cm":464626,"minecraft:damage_blocked_by_shield":105,"minecraft:drop":95,"minecraft:play_time":161094,"minecraft:sneak_time":7833,"minecraft:deaths":1,"minecraft:walk_under_water_one_cm":7602,"minecraft:jump":3221,"minecraft:walk_on_water_one_cm":27106,"minecraft:total_world_time":161094,"minecraft:interact_with_furnace":207,"minecraft:sleep_in_bed":12,"minecraft:time_since_rest":23848,"minecraft:damage_taken":1970,"minecraft:damage_dealt":3690,"minecraft:player_kills":1,"minecraft:swim_one_cm":3731,"minecraft:fly_one_cm":857646,"minecraft:open_chest":212,"minecraft:crouch_one_cm":31243,"minecraft:interact_with_smoker":9,"minecraft:fall_one_cm":75551},"minecraft:used":{"minecraft:moss_carpet":5,"ironfurnaces:copper_furnace":1,"minecraft:iron_shovel":283,"minecraft:stone_shovel":524,"minecraft:chest":2,"minecraft:shield":1,"iceandfire:pixie_house_mushroom_brown":1,"minecraft:stone":1,"minecraft:iron_sword":52,"minecraft:torch":3,"biomesoplenty:yellow_maple_sapling":1,"minecraft:dirt":126,"minecraft:hopper":7,"iceandfire:pixie_dust":1,"minecraft:granite":12,"minecraft:glass":9,"minecraft:lava_bucket":4,"totemic:flute":1,"minecraft:iron_axe":105,"minecraft:stone_brick_stairs":94,"minecraft:stone_bricks":387,"ironfurnaces:iron_furnace":1,"minecraft:birch_trapdoor":3,"minecraft:golden_carrot":25,"minecraft:furnace":3,"minecraft:potato":34,"minecraft:cobbled_deepslate":3,"minecraft:acacia_planks":2,"minecraft:wheat_seeds":31,"minecraft:water_bucket":62,"minecraft:cobblestone_stairs":53,"minecraft:stone_pickaxe":98,"create:crimsite":2,"quark:hollow_birch_log":9,"tradingpost:trading_post":3,"minecraft:crafting_table":1,"minecraft:stone_brick_wall":60,"minecraft:smoker":1,"iceandfire:copper_shovel":2,"minecraft:bread":8,"minecraft:iron_pickaxe":214,"minecraft:cobblestone":37,"minecraft:cooked_porkchop":8,"chococraft:gysahl_green":4,"minecraft:bucket":72},"minecraft:killed":{"minecraft:cave_spider":1,"minecraft:zombified_piglin":5,"minecraft:skeleton":1,"minecraft:pig":1,"minecraft:creeper":1,"minecraft:zombie":1,"minecraft:cow":10},"minecraft:mined":{"minecraft:cobblestone_stairs":4,"gravestone:gravestone":2,"minecraft:granite":14,"minecraft:grass_block":450,"biomesoplenty:yellow_maple_leaf_pile":3,"minecraft:hopper":2,"quark:hollow_birch_log":9,"minecraft:furnace":3,"minecraft:iron_ore":16,"minecraft:moss_carpet":1,"minecraft:deepslate_iron_ore":1,"biomesoplenty:yellow_maple_leaves":1,"biomesoplenty:webbing":1,"minecraft:stone":160,"biomesoplenty:spider_egg":1,"create:limestone":11,"biomesoplenty:maple_log":36,"minecraft:smoker":1,"minecraft:dandelion":1,"ironfurnaces:iron_furnace":1,"minecraft:crafting_table":1,"ironfurnaces:copper_furnace":1,"bno:nether_emerald_ore":1,"iceandfire:pixie_house_mushroom_brown":1,"tradingpost:trading_post":2,"minecraft:glass":2,"minecraft:tall_grass":2,"minecraft:copper_ore":1,"minecraft:cobblestone":31,"minecraft:wall_torch":4,"minecraft:birch_log":26,"minecraft:wheat":6,"minecraft:birch_trapdoor":1,"minecraft:stone_brick_stairs":6,"minecraft:grass":15,"minecraft:oak_log":11,"minecraft:coal_ore":8,"minecraft:sand":15,"minecraft:dirt":353,"biomesoplenty:stringy_cobweb":7,"minecraft:cobweb":1,"biomesoplenty:orange_maple_leaf_pile":10,"minecraft:acacia_planks":2,"minecraft:stone_bricks":30,"create:crimsite":21,"minecraft:oak_leaves":4,"minecraft:fern":1},"minecraft:crafted":{"minecraft:oak_planks":40,"minecraft:stone_shovel":10,"minecraft:stone_brick_wall":192,"quark:birch_chest":10,"vanillaplustools:stone_hammer":1,"comforts:sleeping_bag_white":1,"biomesoplenty:maple_planks":132,"iceandfire:armor_copper_metal_leggings":1,"minecraft:cobblestone_stairs":56,"minecraft:stone":781,"iceandfire:copper_shovel":12,"iceandfire:armor_copper_metal_boots":1,"iceandfire:armor_copper_metal_helmet":1,"minecraft:glass":4,"minecraft:hopper":5,"minecraft:iron_axe":1,"tradingpost:trading_post":1,"minecraft:stone_pickaxe":10,"iceandfire:armor_copper_metal_chestplate":1,"minecraft:chest":13,"minecraft:stone_bricks":1536,"minecraft:cooked_beef":10,"iceandfire:silver_ingot":0,"minecraft:crafting_table":1,"travelersbackpack:backpack_tank":4,"travelersbackpack:standard":1,"minecraft:baked_potato":30,"minecraft:copper_ingot":72,"minecraft:birch_planks":144,"minecraft:bucket":1,"minecraft:stone_axe":1,"minecraft:bread":8,"minecraft:air":0,"minecraft:stone_brick_stairs":88,"minecraft:stick":112,"minecraft:stone_slab":108,"quark:oak_chest":3,"minecraft:iron_ingot":0,"minecraft:iron_pickaxe":2,"minecraft:birch_trapdoor":2,"minecraft:stone_sword":1,"minecraft:iron_shovel":1},"minecraft:picked_up":{"minecraft:crafting_table":1,"minecraft:wheat":36,"minecraft:enchanted_book":1,"minecraft:stone_brick_stairs":138,"gravestone:obituary":2,"minecraft:raw_copper":2,"minecraft:string":4,"minecraft:moss_carpet":5,"create:limestone":11,"tradingpost:trading_post":2,"minecraft:gold_nugget":2,"minecraft:cobbled_deepslate":3,"minecraft:beef":22,"minecraft:iron_pickaxe":1,"minecraft:furnace":3,"minecraft:egg":1,"iceandfire:pixie_dust":2,"minecraft:stick":14,"minecraft:raw_iron":21,"minecraft:stone":108,"minecraft:birch_trapdoor":1,"minecraft:torch":6,"iceandfire:pixie_house_mushroom_brown":1,"minecraft:porkchop":1,"minecraft:stone_shovel":1,"minecraft:rotten_flesh":2,"quark:clear_shard":3,"artifacts:cowboy_hat":1,"minecraft:white_wool":7,"minecraft:cobblestone":1474,"minecraft:birch_log":26,"minecraft:golden_carrot":31,"minecraft:leather":9,"minecraft:smoker":1,"minecraft:potato":70,"artifacts:onion_ring":1,"fishofthieves:grubs":1,"minecraft:oak_log":10,"artifacts:flame_pendant":1,"minecraft:gunpowder":2,"minecraft:cobblestone_stairs":3,"minecraft:dirt":796,"minecraft:acacia_planks":2,"chococraft:gysahl_green":4,"minecraft:stone_bricks":145,"minecraft:wheat_seeds":196,"minecraft:iron_ingot":74,"biomesoplenty:maple_log":33,"artifacts:kitty_slippers":1,"fishofthieves:earthworms":73,"ironfurnaces:iron_furnace":1,"minecraft:dandelion":2,"minecraft:sand":15,"create:crimsite":21,"biomesoplenty:yellow_maple_sapling":11,"ironfurnaces:copper_furnace":1,"minecraft:granite":12,"quark:hollow_birch_log":9,"minecraft:emerald":1,"minecraft:baked_potato":11,"minecraft:oak_sapling":1,"minecraft:hopper":2,"minecraft:coal":193,"iceandfire:raw_silver":5},"minecraft:dropped":{"minecraft:iron_ingot":73,"minecraft:birch_planks":32,"minecraft:wheat_seeds":142,"minecraft:cooked_porkchop":5,"iceandfire:armor_copper_metal_chestplate":1,"minecraft:cobblestone_stairs":6,"minecraft:stick":2,"minecraft:dirt":1,"minecraft:golden_carrot":4,"minecraft:torch":2,"iceandfire:armor_copper_metal_boots":1,"gravestone:obituary":5,"minecraft:gold_nugget":2,"minecraft:iron_pickaxe":1,"minecraft:bucket":1,"minecraft:stone_axe":1,"artifacts:kitty_slippers":1,"minecraft:stone_sword":1,"minecraft:raw_copper":2,"biomesoplenty:yellow_maple_sapling":10,"minecraft:wheat":1,"minecraft:stone_shovel":7,"minecraft:rotten_flesh":3,"iceandfire:armor_copper_metal_helmet":1,"iceandfire:copper_shovel":12,"minecraft:carrot":6,"minecraft:gunpowder":2,"fishofthieves:earthworms":30,"minecraft:stone_brick_wall":64,"minecraft:oak_sapling":1,"vanillaplustools:stone_hammer":1,"minecraft:stone_bricks":744,"minecraft:glass":43,"minecraft:stone_pickaxe":1,"iceandfire:armor_copper_metal_leggings":1,"totemic:flute":1,"minecraft:stone_brick_stairs":44,"minecraft:egg":1}},"DataVersion":3465}