{"stats":{"minecraft:picked_up":{"chococraft:loverly_gysahl_green":1,"minecraft:leather":13,"create:raw_zinc":12,"fishofthieves:grubs":1,"productivebees:birch_wood_nest":1,"minecraft:dirt":13,"minecraft:raw_copper":96,"biomesoplenty:maple_planks":3,"chococraft:gysahl_green":95,"minecraft:wheat_seeds":8,"biomesoplenty:maple_log":35,"minecraft:iron_ingot":1,"minecraft:beef":25,"minecraft:sugar_cane":24,"minecraft:stick":12,"minecraft:raw_iron":12,"minecraft:copper_ingot":6,"minecraft:torch":12,"minecraft:porkchop":4,"biomesoplenty:orange_maple_sapling":8,"chococraft:gysahl_green_seeds":29,"minecraft:diorite":2,"alexsmobs:animal_dictionary":1,"another_furniture:white_stool":2,"minecraft:rotten_flesh":1,"iceandfire:crackled_grass":2,"iceandfire:raw_silver":1,"minecraft:oak_sapling":2,"minecraft:coal":204,"biomesoplenty:orange_sand":5,"minecraft:mutton":8,"minecraft:white_wool":6,"minecraft:cobblestone":39},"minecraft:dropped":{"minecraft:iron_ingot":1,"minecraft:wheat_seeds":6,"alexsmobs:animal_dictionary":1,"minecraft:golden_pickaxe":1,"minecraft:rotten_flesh":1,"chococraft:gysahl_green_seeds":16,"biomesoplenty:orange_maple_sapling":8,"minecraft:stick":10,"minecraft:dirt":2,"biomesoplenty:orange_sand":3,"minecraft:oak_sapling":2,"gravestone:obituary":2,"chococraft:gysahl_green":1,"fishofthieves:grubs":1,"minecraft:bone":4},"minecraft:used":{"minecraft:diorite":2,"biomesoplenty:maple_planks":52,"iceandfire:crackled_grass":2,"productivebees:birch_wood_nest":1,"minecraft:sugar_cane":24,"another_furniture:white_stool":5,"minecraft:torch":20,"iceandfire:armor_copper_metal_boots":1,"minecraft:dirt":11,"simplyswords:iron_katana":37,"minecraft:iron_pickaxe":21,"biomesoplenty:orange_sand":2,"minecraft:cobblestone":4,"minecraft:beef":4,"minecraft:furnace":1,"iceandfire:armor_copper_metal_helmet":1,"minecraft:cooked_beef":2,"chococraft:gysahl_green":84,"alexsmobs:animal_dictionary":3,"minecraft:golden_axe":46,"minecraft:golden_pickaxe":148},"minecraft:broken":{"minecraft:golden_axe":1},"minecraft:custom":{"minecraft:interact_with_furnace":35,"minecraft:mob_kills":22,"minecraft:interact_with_crafting_table":30,"minecraft:time_since_death":76216,"minecraft:time_since_rest":76249,"minecraft:sprint_one_cm":302302,"minecraft:damage_taken":1366,"minecraft:walk_one_cm":123341,"minecraft:drop":44,"minecraft:damage_dealt":2018,"minecraft:swim_one_cm":31705,"minecraft:fly_one_cm":497043,"minecraft:open_chest":45,"minecraft:crouch_one_cm":955,"minecraft:play_time":92140,"minecraft:deaths":2,"minecraft:sneak_time":581,"minecraft:walk_under_water_one_cm":2313,"minecraft:jump":2186,"minecraft:walk_on_water_one_cm":3411,"minecraft:total_world_time":92140,"minecraft:fall_one_cm":68657},"minecraft:mined":{"create:zinc_ore":6,"biomesoplenty:maple_log":35,"iceandfire:silver_ore":1,"biomesoplenty:orange_sand":3,"productivebees:birch_wood_nest":1,"minecraft:torch":9,"gravestone:gravestone":1,"minecraft:grass_block":5,"minecraft:copper_ore":21,"minecraft:sugar_cane":13,"minecraft:diorite":2,"minecraft:wall_torch":3,"minecraft:large_fern":10,"minecraft:iron_ore":6,"iceandfire:crackled_grass":1,"biomesoplenty:maple_planks":2,"minecraft:grass":15,"chococraft:gysahl_green":39,"minecraft:coal_ore":83,"minecraft:dirt":8,"biomesoplenty:barley":1,"minecraft:fern":1,"minecraft:stone":41,"another_furniture:white_stool":2},"minecraft:killed":{"minecraft:pig":3,"minecraft:sheep":6,"minecraft:zombie":2,"minecraft:cow":11},"minecraft:crafted":{"minecraft:cooked_beef":0,"simplyswords:iron_katana":1,"biomesoplenty:maple_planks":132,"minecraft:furnace":1,"minecraft:copper_ingot":8,"iceandfire:armor_copper_metal_boots":1,"minecraft:air":0,"iceandfire:armor_copper_metal_helmet":1,"minecraft:charcoal":2,"minecraft:stick":8,"minecraft:iron_pickaxe":1,"minecraft:iron_ingot":8,"another_furniture:white_stool":3,"ironfurnaces:upgrade_copper":1,"minecraft:torch":8,"create:zinc_ingot":0}},"DataVersion":3465}