{"stats":{"minecraft:crafted":{"simplyswords:iron_katana":1,"comforts:sleeping_bag_white":1,"biomesoplenty:maple_planks":132,"minecraft:furnace":2,"iceandfire:lectern":1,"iceandfire:armor_copper_metal_leggings":2,"minecraft:flint_and_steel":1,"minecraft:cooked_mutton":0,"iceandfire:armor_copper_metal_helmet":2,"iceandfire:armor_copper_metal_boots":2,"quark:acacia_bookshelf":9,"iceandfire:armor_silver_metal_chestplate":1,"minecraft:iron_boots":1,"iceandfire:armor_copper_metal_chestplate":2,"another_furniture:white_stool":3,"minecraft:copper_block":1,"minecraft:cooked_beef":0,"minecraft:cooked_cod":7,"minecraft:cooked_porkchop":14,"iceandfire:silver_ingot":8,"minecraft:enchanting_table":1,"minecraft:iron_helmet":1,"ironfurnaces:upgrade_iron":1,"minecraft:copper_ingot":17,"minecraft:bucket":1,"minecraft:air":0,"minecraft:book":16,"minecraft:paper":180,"minecraft:diamond_pickaxe":1,"minecraft:charcoal":2,"minecraft:raw_gold":81,"minecraft:stick":12,"minecraft:iron_ingot":8,"minecraft:iron_pickaxe":1,"minecraft:iron_leggings":1,"minecraft:gold_ingot":112,"ironfurnaces:upgrade_copper":1,"minecraft:acacia_planks":72,"minecraft:torch":8,"create:zinc_ingot":0},"minecraft:broken":{"minecraft:golden_axe":1,"minecraft:golden_pickaxe":1},"minecraft:used":{"iceandfire:lectern":1,"minecraft:enchanting_table":1,"minecraft:flint_and_steel":1,"iceandfire:armor_copper_metal_leggings":1,"minecraft:shield":27,"another_furniture:white_stool":5,"productivebees:birch_wood_nest":1,"minecraft:iron_chestplate":1,"minecraft:torch":30,"iceandfire:armor_copper_metal_boots":1,"minecraft:dirt":18,"simplyswords:iron_katana":117,"minecraft:obsidian":11,"minecraft:iron_axe":24,"biomesoplenty:orange_sand":2,"minecraft:beef":4,"minecraft:cooked_cod":1,"minecraft:furnace":2,"iceandfire:armor_copper_metal_helmet":1,"comforts:sleeping_bag_white":1,"minecraft:cooked_beef":16,"minecraft:acacia_planks":11,"minecraft:cobbled_deepslate":8,"minecraft:golden_axe":46,"minecraft:water_bucket":2,"minecraft:cooked_mutton":9,"minecraft:diorite":2,"biomesoplenty:maple_planks":52,"iceandfire:crackled_grass":2,"minecraft:sugar_cane":28,"quark:acacia_bookshelf":9,"iceandfire:armor_silver_metal_chestplate":1,"minecraft:diamond_pickaxe":16,"minecraft:iron_pickaxe":139,"minecraft:gravel":7,"minecraft:cobblestone":30,"minecraft:bucket":3,"chococraft:gysahl_green":84,"alexsmobs:animal_dictionary":3,"minecraft:golden_pickaxe":195},"minecraft:picked_up":{"chococraft:loverly_gysahl_green":1,"minecraft:wither_rose":2,"minecraft:enchanted_book":1,"minecraft:golden_shovel":1,"minecraft:chain":1,"minecraft:shield":1,"productivebees:birch_wood_nest":1,"iceandfire:manuscript":3,"minecraft:raw_copper":268,"minecraft:string":6,"minecraft:iron_axe":1,"biomesoplenty:maple_planks":3,"minecraft:gold_nugget":15,"minecraft:cartography_table":1,"minecraft:cobbled_deepslate":64,"comforts:sleeping_bag_white":1,"minecraft:beef":25,"minecraft:sugar_cane":208,"minecraft:furnace":1,"minecraft:raw_iron":46,"minecraft:stick":15,"iceandfire:ghost_chest":2,"minecraft:copper_ingot":8,"minecraft:torch":22,"minecraft:acacia_log":18,"minecraft:porkchop":11,"biomesoplenty:orange_maple_sapling":8,"minecraft:pointed_dripstone":2,"minecraft:diorite":7,"minecraft:redstone":5,"another_furniture:white_stool":2,"minecraft:rotten_flesh":8,"minecraft:arrow":4,"iceandfire:crackled_grass":2,"minecraft:obsidian":16,"minecraft:mutton":8,"minecraft:white_wool":6,"biomesoplenty:orange_sand":5,"minecraft:cobblestone":57,"minecraft:feather":7,"minecraft:leather":13,"exposure:aged_photograph":1,"create:raw_zinc":12,"fishofthieves:grubs":1,"minecraft:flint":8,"minecraft:tuff":2,"artifacts:flame_pendant":1,"minecraft:lapis_lazuli":12,"minecraft:dirt":24,"minecraft:paper":8,"artifacts:flippers":1,"minecraft:bone":12,"minecraft:acacia_planks":3,"chococraft:gysahl_green":95,"minecraft:bow":2,"minecraft:wheat_seeds":8,"biomesoplenty:maple_log":35,"minecraft:iron_ingot":1,"fishofthieves:earthworms":1,"minecraft:acacia_sapling":1,"minecraft:pumpkin":2,"minecraft:dripstone_block":2,"minecraft:gravel":9,"chococraft:gysahl_green_seeds":29,"alexsmobs:animal_dictionary":1,"minecraft:trapped_chest":1,"minecraft:oak_sapling":2,"minecraft:coal":228,"iceandfire:raw_silver":7},"minecraft:killed_by":{"artifacts:mimic":1},"minecraft:custom":{"minecraft:interact_with_smithing_table":1,"minecraft:mob_kills":39,"minecraft:interact_with_crafting_table":102,"minecraft:open_barrel":22,"minecraft:leave_game":1,"minecraft:time_since_death":52526,"minecraft:sprint_one_cm":746032,"minecraft:walk_one_cm":306923,"minecraft:damage_blocked_by_shield":1380,"minecraft:drop":90,"minecraft:talked_to_villager":1,"minecraft:play_time":239259,"minecraft:deaths":5,"minecraft:sneak_time":1610,"minecraft:walk_under_water_one_cm":11631,"minecraft:jump":4262,"minecraft:walk_on_water_one_cm":22233,"minecraft:total_world_time":239259,"minecraft:interact_with_furnace":151,"minecraft:sleep_in_bed":4,"minecraft:time_since_rest":11925,"minecraft:damage_taken":3223,"minecraft:trigger_trapped_chest":4,"minecraft:damage_dealt":5544,"minecraft:swim_one_cm":119191,"minecraft:fly_one_cm":903715,"minecraft:open_chest":213,"minecraft:crouch_one_cm":2833,"minecraft:interact_with_smoker":1,"minecraft:fall_one_cm":112913},"minecraft:killed":{"minecraft:skeleton":6,"minecraft:silverfish":1,"artifacts:mimic":1,"minecraft:pig":7,"minecraft:sheep":6,"minecraft:zombie":3,"iceandfire:ghost":3,"minecraft:cow":11},"minecraft:mined":{"create:zinc_ore":6,"minecraft:tuff":2,"iceandfire:silver_ore":7,"productivebees:birch_wood_nest":1,"minecraft:obsidian":16,"gravestone:gravestone":4,"minecraft:acacia_log":18,"minecraft:grass_block":10,"minecraft:spawner":1,"minecraft:large_fern":10,"minecraft:iron_ore":19,"minecraft:cobbled_deepslate":2,"iceandfire:crackled_grass":1,"minecraft:pumpkin":2,"chococraft:gysahl_green":39,"minecraft:pointed_dripstone":2,"minecraft:vine":1,"minecraft:deepslate_iron_ore":21,"biomesoplenty:barley":1,"minecraft:stone":55,"minecraft:deepslate_redstone_ore":1,"biomesoplenty:maple_log":35,"biomesoplenty:orange_sand":3,"minecraft:torch":12,"iceandfire:ghost_chest":1,"minecraft:tall_grass":1,"minecraft:copper_ore":49,"minecraft:cobblestone":4,"minecraft:lapis_ore":2,"minecraft:sugar_cane":107,"minecraft:diorite":7,"minecraft:wall_torch":10,"minecraft:wither_rose":2,"biomesoplenty:maple_planks":2,"minecraft:grass":19,"minecraft:coal_ore":98,"minecraft:gravel":10,"minecraft:dripstone_block":2,"minecraft:dirt":14,"minecraft:cobweb":2,"minecraft:acacia_planks":3,"minecraft:infested_stone":1,"another_furniture:white_stool":2,"minecraft:deepslate":36,"minecraft:fern":2},"minecraft:dropped":{"minecraft:iron_ingot":1,"minecraft:wheat_seeds":6,"minecraft:golden_pickaxe":1,"minecraft:cooked_porkchop":7,"iceandfire:armor_copper_metal_chestplate":1,"chococraft:gysahl_green_seeds":16,"biomesoplenty:orange_maple_sapling":8,"minecraft:stick":10,"minecraft:dirt":6,"biomesoplenty:orange_sand":3,"minecraft:cooked_cod":6,"iceandfire:armor_copper_metal_boots":2,"iceandfire:armor_silver_metal_chestplate":1,"minecraft:pumpkin":2,"minecraft:chain":1,"minecraft:gold_nugget":15,"gravestone:obituary":5,"minecraft:string":2,"fishofthieves:grubs":1,"minecraft:bone":7,"alexsmobs:animal_dictionary":1,"minecraft:rotten_flesh":7,"iceandfire:armor_copper_metal_helmet":2,"iceandfire:ghost_chest":2,"minecraft:shield":1,"fishofthieves:earthworms":1,"minecraft:oak_sapling":2,"minecraft:arrow":2,"minecraft:bow":1,"iceandfire:armor_copper_metal_leggings":2,"chococraft:gysahl_green":1,"exposure:aged_photograph":1}},"DataVersion":3465}