{"stats":{"minecraft:picked_up":{"minecraft:firework_rocket":64,"minecraft:gravel":1,"minecraft:elytra":1},"minecraft:custom":{"minecraft:time_since_rest":6924,"minecraft:play_time":6924,"minecraft:sprint_one_cm":8893,"minecraft:damage_taken":10,"minecraft:walk_one_cm":3798,"minecraft:sneak_time":347,"minecraft:walk_under_water_one_cm":9366,"minecraft:drop":1,"minecraft:aviate_one_cm":195431,"minecraft:jump":68,"minecraft:damage_dealt":40,"minecraft:leave_game":1,"minecraft:time_since_death":6924,"minecraft:walk_on_water_one_cm":5107,"minecraft:total_world_time":6924,"minecraft:climb_one_cm":71,"minecraft:fall_one_cm":209,"minecraft:fly_one_cm":206677},"minecraft:dropped":{"minecraft:elytra":1},"minecraft:mined":{"minecraft:grass":1},"minecraft:used":{"minecraft:firework_rocket":7,"minecraft:elytra":1}},"DataVersion":3465}