{"stats":{"minecraft:broken":{"vanillaplustools:stone_hammer":1,"minecraft:stone_shovel":5},"minecraft:custom":{"minecraft:mob_kills":4,"minecraft:interact_with_crafting_table":21,"minecraft:leave_game":1,"minecraft:time_since_death":50447,"minecraft:climb_one_cm":188,"minecraft:sprint_one_cm":238299,"minecraft:walk_one_cm":525087,"minecraft:drop":77,"minecraft:play_time":161352,"minecraft:deaths":2,"minecraft:sneak_time":1191,"minecraft:walk_under_water_one_cm":12382,"minecraft:jump":1443,"minecraft:walk_on_water_one_cm":24131,"minecraft:total_world_time":161352,"minecraft:interact_with_furnace":35,"minecraft:time_since_rest":50474,"minecraft:damage_taken":3534,"minecraft:damage_dealt":868,"minecraft:swim_one_cm":52937,"minecraft:fly_one_cm":322073,"minecraft:open_chest":53,"minecraft:crouch_one_cm":3835,"minecraft:fall_one_cm":32933},"minecraft:used":{"quark:birch_chest":6,"minecraft:stone_sword":27,"iceandfire:armor_copper_metal_leggings":1,"minecraft:stone_shovel":759,"minecraft:stone":2,"vanillaplustools:stone_hammer":131,"minecraft:torch":15,"biomesoplenty:yellow_maple_sapling":28,"iceandfire:armor_copper_metal_boots":1,"minecraft:dirt":107,"minecraft:hopper":8,"minecraft:carrot":41,"minecraft:stone_stairs":17,"minecraft:glass":4,"totemic:flute":20,"minecraft:lava_bucket":1,"minecraft:stone_brick_stairs":9,"minecraft:stone_bricks":267,"iceandfire:armor_copper_metal_helmet":1,"minecraft:potato":1,"minecraft:wheat_seeds":16,"minecraft:water_bucket":45,"minecraft:stone_pickaxe":36,"minecraft:crafting_table":3,"minecraft:birch_sign":10,"minecraft:stone_brick_wall":16,"iceandfire:armor_copper_metal_chestplate":1,"minecraft:birch_fence_gate":9,"chococraft:gysahl_green_seeds":7,"minecraft:iron_pickaxe":264,"minecraft:stone_axe":129,"minecraft:cooked_porkchop":5,"minecraft:bucket":46,"chococraft:gysahl_green":50,"alexsmobs:animal_dictionary":1},"minecraft:killed":{"minecraft:spider":1,"minecraft:piglin":1,"minecraft:zombie":2},"minecraft:mined":{"iceandfire:silver_ore":5,"minecraft:glow_lichen":1,"minecraft:birch_fence_gate":1,"gravestone:gravestone":1,"minecraft:granite":58,"minecraft:grass_block":484,"biomesoplenty:yellow_maple_leaf_pile":1,"minecraft:hopper":4,"minecraft:carrots":10,"biomesoplenty:toadstool":2,"minecraft:iron_ore":25,"chococraft:gysahl_green":11,"minecraft:potatoes":1,"minecraft:deepslate_iron_ore":1,"biomesoplenty:webbing":1,"minecraft:birch_wall_sign":1,"minecraft:stone":1318,"create:limestone":3,"minecraft:dandelion":1,"minecraft:torch":5,"minecraft:tall_grass":9,"minecraft:copper_ore":9,"minecraft:cobblestone":2,"minecraft:wall_torch":2,"minecraft:seagrass":1,"minecraft:stone_stairs":1,"minecraft:birch_log":119,"minecraft:stone_brick_stairs":1,"minecraft:grass":40,"minecraft:coal_ore":41,"minecraft:gravel":19,"minecraft:dirt":449,"biomesoplenty:stringy_cobweb":1,"minecraft:cobweb":4,"minecraft:stone_bricks":4},"minecraft:crafted":{"minecraft:oak_planks":32,"minecraft:oak_sign":9,"quark:birch_chest":10,"minecraft:stone":71,"minecraft:stone_stairs":16,"minecraft:hopper":4,"minecraft:birch_fence_gate":69,"minecraft:birch_sign":27,"minecraft:crafting_table":3,"biomesoplenty:redwood_planks":360,"minecraft:birch_planks":464,"minecraft:air":0,"minecraft:stone_brick_stairs":84,"minecraft:stick":284,"quark:oak_chest":1,"minecraft:iron_ingot":0,"minecraft:iron_pickaxe":1,"minecraft:torch":12},"minecraft:picked_up":{"chococraft:loverly_gysahl_green":2,"iceandfire:armor_copper_metal_chestplate":1,"minecraft:stone_brick_wall":64,"minecraft:stone_brick_stairs":46,"gravestone:obituary":2,"minecraft:raw_copper":42,"minecraft:stone_stairs":1,"minecraft:string":5,"create:limestone":3,"minecraft:bucket":2,"minecraft:iron_pickaxe":1,"minecraft:stick":11,"minecraft:raw_iron":26,"minecraft:stone":7,"iceandfire:armor_copper_metal_leggings":1,"minecraft:torch":9,"iceandfire:armor_copper_metal_boots":1,"minecraft:carrot":33,"minecraft:stone_sword":1,"minecraft:stone_shovel":6,"minecraft:rotten_flesh":6,"artifacts:panic_necklace":1,"minecraft:cobblestone":1326,"minecraft:birch_log":116,"minecraft:golden_carrot":2,"totemic:flute":1,"minecraft:potato":1,"artifacts:anglers_hat":1,"minecraft:birch_planks":32,"minecraft:flint":3,"iceandfire:armor_copper_metal_helmet":1,"artifacts:flame_pendant":2,"minecraft:cobblestone_stairs":1,"minecraft:dirt":954,"minecraft:glass":43,"chococraft:gysahl_green":81,"minecraft:stone_bricks":748,"chococraft:gold_gysahl":2,"minecraft:wheat_seeds":17,"minecraft:iron_ingot":71,"minecraft:stone_pickaxe":1,"artifacts:kitty_slippers":1,"fishofthieves:earthworms":41,"biomesoplenty:toadstool":2,"minecraft:cooked_porkchop":5,"minecraft:gravel":16,"minecraft:birch_fence_gate":1,"chococraft:gysahl_green_seeds":12,"minecraft:ink_sac":1,"biomesoplenty:yellow_maple_sapling":35,"minecraft:stone_axe":1,"minecraft:granite":60,"vanillaplustools:stone_hammer":1,"minecraft:birch_sign":1,"minecraft:coal":41,"iceandfire:raw_silver":5,"minecraft:hopper":4},"minecraft:killed_by":{"minecraft:player":1},"minecraft:dropped":{"minecraft:iron_ingot":83,"minecraft:wheat_seeds":1,"chococraft:loverly_gysahl_green":2,"chococraft:gold_gysahl":2,"minecraft:cobblestone":708,"chococraft:gysahl_green_seeds":5,"minecraft:cobblestone_stairs":1,"minecraft:dirt":33,"minecraft:golden_carrot":1,"minecraft:ink_sac":1,"gravestone:obituary":2,"minecraft:bucket":1,"biomesoplenty:toadstool":2,"biomesoplenty:yellow_maple_sapling":7,"minecraft:rotten_flesh":5,"artifacts:flame_pendant":2,"minecraft:stone":101,"fishofthieves:earthworms":40,"minecraft:stone_bricks":116,"totemic:flute":1,"minecraft:stone_brick_stairs":133,"chococraft:gysahl_green":29}},"DataVersion":3465}