{"stats":{"minecraft:broken":{"vanillaplustools:stone_hammer":1,"minecraft:stone_shovel":5},"minecraft:custom":{"minecraft:interact_with_furnace":29,"minecraft:mob_kills":3,"minecraft:interact_with_crafting_table":10,"minecraft:leave_game":1,"minecraft:time_since_death":77352,"minecraft:climb_one_cm":188,"minecraft:time_since_rest":77352,"minecraft:sprint_one_cm":141817,"minecraft:damage_taken":586,"minecraft:walk_one_cm":294519,"minecraft:drop":43,"minecraft:damage_dealt":583,"minecraft:swim_one_cm":21373,"minecraft:fly_one_cm":159911,"minecraft:open_chest":44,"minecraft:crouch_one_cm":773,"minecraft:play_time":77352,"minecraft:sneak_time":263,"minecraft:walk_under_water_one_cm":6284,"minecraft:jump":754,"minecraft:walk_on_water_one_cm":5480,"minecraft:total_world_time":77352,"minecraft:fall_one_cm":17521},"minecraft:used":{"minecraft:wheat_seeds":16,"minecraft:stone_sword":21,"iceandfire:armor_copper_metal_leggings":1,"minecraft:stone_shovel":734,"minecraft:stone_pickaxe":35,"vanillaplustools:stone_hammer":131,"minecraft:torch":3,"iceandfire:armor_copper_metal_boots":1,"minecraft:dirt":20,"minecraft:crafting_table":1,"totemic:flute":17,"iceandfire:armor_copper_metal_chestplate":1,"chococraft:gysahl_green_seeds":7,"minecraft:iron_pickaxe":151,"minecraft:stone_axe":22,"iceandfire:armor_copper_metal_helmet":1,"minecraft:cooked_porkchop":4,"chococraft:gysahl_green":22,"alexsmobs:animal_dictionary":1,"minecraft:potato":1},"minecraft:killed":{"minecraft:spider":1,"minecraft:zombie":2},"minecraft:mined":{"iceandfire:silver_ore":5,"minecraft:glow_lichen":1,"minecraft:torch":1,"minecraft:grass_block":442,"minecraft:copper_ore":9,"minecraft:tall_grass":2,"biomesoplenty:yellow_maple_leaf_pile":1,"minecraft:seagrass":1,"biomesoplenty:toadstool":2,"minecraft:birch_log":20,"minecraft:iron_ore":20,"minecraft:grass":16,"chococraft:gysahl_green":11,"minecraft:potatoes":1,"minecraft:coal_ore":41,"minecraft:deepslate_iron_ore":1,"biomesoplenty:webbing":1,"minecraft:dirt":442,"biomesoplenty:stringy_cobweb":1,"minecraft:cobweb":4,"minecraft:stone":1279,"create:limestone":3},"minecraft:crafted":{"minecraft:oak_planks":32,"minecraft:oak_sign":9,"quark:birch_chest":4,"minecraft:crafting_table":1,"biomesoplenty:redwood_planks":360,"minecraft:stone":71,"minecraft:birch_planks":80,"minecraft:air":0,"minecraft:hopper":4,"minecraft:stick":8,"quark:oak_chest":1,"minecraft:iron_ingot":0,"minecraft:iron_pickaxe":1,"minecraft:torch":12},"minecraft:picked_up":{"minecraft:birch_log":20,"chococraft:loverly_gysahl_green":2,"iceandfire:armor_copper_metal_chestplate":1,"totemic:flute":1,"artifacts:anglers_hat":1,"minecraft:potato":1,"minecraft:birch_planks":32,"iceandfire:armor_copper_metal_helmet":1,"minecraft:dirt":873,"minecraft:string":5,"minecraft:raw_copper":40,"create:limestone":3,"chococraft:gysahl_green":71,"chococraft:gold_gysahl":2,"minecraft:wheat_seeds":16,"minecraft:stone_pickaxe":1,"minecraft:iron_ingot":71,"artifacts:kitty_slippers":1,"fishofthieves:earthworms":38,"minecraft:iron_pickaxe":1,"biomesoplenty:toadstool":2,"minecraft:stick":1,"minecraft:raw_iron":21,"minecraft:cooked_porkchop":5,"iceandfire:armor_copper_metal_leggings":1,"minecraft:torch":3,"chococraft:gysahl_green_seeds":12,"minecraft:ink_sac":1,"iceandfire:armor_copper_metal_boots":1,"minecraft:stone_sword":1,"minecraft:rotten_flesh":5,"minecraft:stone_shovel":6,"biomesoplenty:yellow_maple_sapling":14,"minecraft:stone_axe":1,"vanillaplustools:stone_hammer":1,"minecraft:coal":41,"iceandfire:raw_silver":5,"minecraft:cobblestone":1277},"minecraft:dropped":{"minecraft:iron_ingot":83,"biomesoplenty:toadstool":2,"chococraft:loverly_gysahl_green":2,"chococraft:gold_gysahl":1,"biomesoplenty:yellow_maple_sapling":7,"minecraft:rotten_flesh":3,"chococraft:gysahl_green_seeds":5,"fishofthieves:earthworms":38,"minecraft:ink_sac":1,"chococraft:gysahl_green":19}},"DataVersion":3465}