{"stats":{"minecraft:broken":{"minecraft:stone_axe":2,"minecraft:stone_shovel":5,"iceandfire:armor_copper_metal_helmet":1,"iceandfire:armor_copper_metal_leggings":1,"vanillaplustools:stone_hammer":1,"minecraft:iron_pickaxe":2,"iceandfire:armor_copper_metal_boots":1},"minecraft:used":{"minecraft:stone":2,"minecraft:iron_sword":174,"biomesoplenty:yellow_maple_sapling":62,"minecraft:carrot":158,"biomesoplenty:orange_maple_sapling":1,"minecraft:tuff":11,"minecraft:glass":66,"totemic:flute":20,"minecraft:lava_bucket":7,"minecraft:iron_helmet":1,"minecraft:stone_brick_stairs":54,"minecraft:stone_bricks":611,"minecraft:potato":20,"biomesoplenty:maple_planks":10,"minecraft:stone_pickaxe":55,"minecraft:oak_planks":1,"artifacts:eternal_steak":17,"alexscaves:cave_book":2,"minecraft:blast_furnace":1,"minecraft:stone_brick_wall":85,"minecraft:black_bed":11,"iceandfire:armor_copper_metal_chestplate":1,"minecraft:birch_fence_gate":9,"minecraft:bread":11,"minecraft:birch_log":1,"chococraft:gysahl_green":64,"quark:birch_chest":6,"minecraft:stone_sword":106,"iceandfire:armor_copper_metal_leggings":2,"minecraft:stone_shovel":759,"vanillaplustools:stone_hammer":131,"minecraft:torch":41,"iceandfire:armor_copper_metal_boots":1,"minecraft:dirt":170,"minecraft:hopper":8,"minecraft:stone_stairs":17,"minecraft:iron_axe":30,"minecraft:golden_carrot":1,"iceandfire:armor_copper_metal_helmet":1,"minecraft:cobbled_deepslate":78,"minecraft:light_gray_bed":4,"minecraft:wheat_seeds":54,"minecraft:water_bucket":139,"minecraft:birch_planks":12,"minecraft:baked_potato":18,"minecraft:stonecutter":1,"minecraft:crafting_table":3,"minecraft:birch_sign":10,"minecraft:white_bed":22,"minecraft:diamond_pickaxe":4,"chococraft:gysahl_green_seeds":11,"minecraft:iron_pickaxe":803,"minecraft:stone_slab":85,"minecraft:stone_axe":285,"minecraft:cooked_porkchop":7,"minecraft:bucket":149,"minecraft:yellow_bed":1,"alexsmobs:animal_dictionary":1},"minecraft:custom":{"minecraft:animals_bred":1,"minecraft:interact_with_crafting_table":46,"minecraft:open_barrel":39,"minecraft:bell_ring":5,"minecraft:leave_game":4,"minecraft:time_since_death":65498,"minecraft:sprint_one_cm":818701,"minecraft:drop":247,"minecraft:talked_to_villager":8,"minecraft:play_time":460086,"minecraft:deaths":13,"minecraft:jump":5669,"minecraft:interact_with_brewingstand":1,"minecraft:walk_on_water_one_cm":177673,"minecraft:interact_with_furnace":61,"minecraft:interact_with_cartography_table":1,"minecraft:damage_dealt":11774,"minecraft:crouch_one_cm":31882,"minecraft:interact_with_smoker":15,"minecraft:interact_with_smithing_table":2,"minecraft:mob_kills":60,"minecraft:interact_with_anvil":2,"minecraft:climb_one_cm":221,"minecraft:walk_one_cm":1252171,"minecraft:sneak_time":12143,"minecraft:walk_under_water_one_cm":125549,"minecraft:interact_with_blast_furnace":6,"minecraft:total_world_time":460086,"minecraft:interact_with_stonecutter":1,"minecraft:time_since_rest":65521,"minecraft:damage_taken":11575,"minecraft:swim_one_cm":127339,"minecraft:fly_one_cm":1131511,"minecraft:open_chest":144,"minecraft:fall_one_cm":115308},"minecraft:killed":{"minecraft:cave_spider":1,"minecraft:spider":3,"minecraft:skeleton":6,"alexsmobs:centipede_head":1,"artifacts:mimic":3,"minecraft:piglin":1,"minecraft:pig":21,"minecraft:creeper":2,"minecraft:sheep":4,"minecraft:zombie":17},"minecraft:crafted":{"minecraft:oak_planks":36,"minecraft:oak_sign":9,"quark:birch_chest":10,"minecraft:stone":71,"minecraft:glass":8,"minecraft:hopper":4,"minecraft:iron_boots":2,"minecraft:birch_fence_gate":69,"minecraft:cooked_porkchop":41,"minecraft:crafting_table":3,"travelersbackpack:standard":1,"minecraft:baked_potato":73,"minecraft:iron_helmet":2,"minecraft:birch_planks":464,"minecraft:stone_brick_stairs":84,"minecraft:iron_chestplate":1,"minecraft:charcoal":16,"quark:oak_chest":1,"minecraft:stick":292,"minecraft:stone_slab":12,"minecraft:iron_ingot":0,"minecraft:iron_pickaxe":4,"minecraft:black_bed":2,"minecraft:shears":1,"artifacts:eternal_steak":1,"minecraft:stone_brick_wall":36,"biomesoplenty:maple_planks":44,"minecraft:bone_meal":12,"minecraft:stone_stairs":16,"minecraft:birch_sign":27,"biomesoplenty:redwood_planks":360,"minecraft:iron_sword":1,"minecraft:stone_axe":1,"minecraft:bread":11,"minecraft:air":0,"minecraft:white_wool":3,"minecraft:white_dye":12,"minecraft:iron_leggings":2,"minecraft:white_bed":8,"minecraft:torch":40},"minecraft:mined":{"create:deepslate_zinc_ore":21,"minecraft:white_bed":11,"minecraft:brewing_stand":2,"minecraft:granite":58,"minecraft:grass_block":526,"minecraft:stone_brick_wall":16,"minecraft:light_gray_bed":2,"minecraft:hopper":4,"minecraft:iron_ore":25,"minecraft:fire":15,"minecraft:deepslate_lapis_ore":8,"biomesoplenty:hanging_cobweb":2,"create:asurine":1,"chococraft:gysahl_green":11,"biomesoplenty:webbing":2,"minecraft:birch_wall_sign":1,"create:limestone":21,"biomesoplenty:maple_log":12,"minecraft:torch":15,"minecraft:blast_furnace":1,"minecraft:glass":3,"minecraft:cobblestone":2,"minecraft:oak_planks":1,"minecraft:wall_torch":8,"minecraft:seagrass":2,"minecraft:stone_stairs":1,"minecraft:birch_log":252,"minecraft:wheat":38,"minecraft:black_bed":5,"minecraft:stone_brick_stairs":8,"biomesoplenty:maple_planks":12,"minecraft:grass":61,"minecraft:dirt":491,"minecraft:stonecutter":1,"create:crimsite":21,"minecraft:deepslate":317,"minecraft:tuff":33,"iceandfire:silver_ore":5,"minecraft:deepslate_diamond_ore":4,"minecraft:candle":1,"minecraft:glow_lichen":1,"minecraft:birch_fence_gate":1,"gravestone:gravestone":11,"create:ochrum":1,"biomesoplenty:yellow_maple_leaf_pile":2,"minecraft:carrots":47,"biomesoplenty:toadstool":2,"minecraft:potatoes":24,"minecraft:deepslate_iron_ore":1,"minecraft:stone":1340,"minecraft:dandelion":1,"minecraft:crafting_table":1,"minecraft:stone_slab":13,"minecraft:tall_grass":9,"minecraft:copper_ore":9,"minecraft:lapis_ore":5,"minecraft:deepslate_gold_ore":34,"minecraft:diorite":10,"minecraft:birch_planks":7,"biomesoplenty:red_maple_leaf_pile":1,"minecraft:coal_ore":41,"minecraft:gravel":26,"biomesoplenty:stringy_cobweb":2,"minecraft:cobweb":4,"minecraft:stone_bricks":22,"minecraft:chipped_anvil":2,"minecraft:gold_ore":1,"minecraft:fern":6},"minecraft:picked_up":{"chococraft:loverly_gysahl_green":2,"minecraft:wheat":38,"iceandfire:armor_copper_metal_chestplate":1,"minecraft:stone_slab":95,"minecraft:oak_stairs":5,"minecraft:stone_brick_stairs":53,"minecraft:brewing_stand":2,"minecraft:string":20,"minecraft:raw_copper":42,"create:limestone":21,"minecraft:cobbled_deepslate":314,"minecraft:bucket":2,"artifacts:aqua_dashers":1,"minecraft:iron_pickaxe":1,"minecraft:iron_boots":1,"minecraft:stick":34,"iceandfire:armor_copper_metal_leggings":3,"minecraft:torch":27,"travelersbackpack:iron_tier_upgrade":1,"travelersbackpack:diamond_tier_upgrade":1,"minecraft:porkchop":40,"biomesoplenty:orange_maple_sapling":1,"minecraft:diorite":10,"minecraft:stone_sword":1,"quark:clear_shard":12,"minecraft:light_gray_bed":2,"minecraft:rotten_flesh":49,"create:ochrum":1,"create:asurine":1,"minecraft:white_terracotta":2,"artifacts:panic_necklace":1,"minecraft:cobblestone":1345,"minecraft:birch_log":244,"minecraft:water_bucket":1,"minecraft:black_bed":11,"minecraft:potato":80,"minecraft:flint":5,"minecraft:tuff":31,"create:raw_zinc":21,"artifacts:flame_pendant":3,"artifacts:pickaxe_heater":1,"minecraft:lapis_lazuli":66,"minecraft:dirt":1090,"minecraft:glass":90,"minecraft:bone":6,"minecraft:chipped_anvil":2,"minecraft:stonecutter":1,"minecraft:bow":1,"minecraft:wheat_seeds":143,"minecraft:raw_gold":45,"fishofthieves:earthworms":68,"minecraft:oak_planks":2,"biomesoplenty:toadstool":2,"minecraft:cooked_porkchop":5,"artifacts:rooted_boots":2,"minecraft:poisonous_potato":2,"minecraft:birch_fence_gate":1,"minecraft:ink_sac":5,"create:crimsite":20,"artifacts:golden_hook":1,"minecraft:diamond":4,"artifacts:crystal_heart":2,"biomesoplenty:maple_trapdoor":1,"minecraft:granite":62,"iceandfire:raw_silver":5,"minecraft:crafting_table":1,"minecraft:chicken":1,"minecraft:stone_brick_wall":80,"gravestone:obituary":8,"minecraft:stone_stairs":1,"minecraft:iron_axe":1,"biomesoplenty:maple_planks":12,"minecraft:iron_shovel":1,"minecraft:sugar_cane":1,"minecraft:raw_iron":26,"minecraft:stone":7,"artifacts:vampiric_glove":1,"iceandfire:armor_copper_metal_boots":1,"minecraft:carrot":173,"minecraft:arrow":10,"minecraft:stone_shovel":7,"biomesoplenty:redwood_sapling":2,"minecraft:mutton":5,"minecraft:white_wool":19,"minecraft:stripped_oak_log":1,"minecraft:golden_carrot":2,"minecraft:leather":1,"totemic:flute":1,"artifacts:anglers_hat":1,"minecraft:birch_planks":39,"minecraft:oak_log":4,"minecraft:gunpowder":3,"minecraft:yellow_bed":2,"artifacts:cloud_in_a_bottle":1,"iceandfire:armor_copper_metal_helmet":1,"minecraft:cobblestone_stairs":1,"chococraft:gysahl_green":93,"minecraft:stone_bricks":847,"chococraft:gold_gysahl":3,"minecraft:stone_pickaxe":1,"minecraft:iron_ingot":71,"minecraft:rabbit_hide":7,"biomesoplenty:maple_log":11,"minecraft:cobweb":9,"artifacts:kitty_slippers":1,"travelersbackpack:blank_upgrade":3,"minecraft:dandelion":4,"minecraft:gravel":30,"chococraft:gysahl_green_seeds":17,"minecraft:blast_furnace":1,"minecraft:white_bed":10,"minecraft:spider_eye":2,"biomesoplenty:yellow_maple_sapling":74,"minecraft:stone_axe":2,"vanillaplustools:stone_hammer":1,"minecraft:birch_sign":1,"minecraft:gray_wool":1,"minecraft:baked_potato":9,"minecraft:black_wool":10,"minecraft:coal":53,"minecraft:hopper":4},"minecraft:killed_by":{"minecraft:player":1},"minecraft:dropped":{"chococraft:loverly_gysahl_green":2,"minecraft:baked_potato":25,"minecraft:cooked_porkchop":14,"artifacts:cloud_in_a_bottle":1,"minecraft:black_bed":1,"create:crimsite":20,"minecraft:rail":7,"minecraft:cobblestone_stairs":1,"minecraft:dirt":33,"gravestone:obituary":17,"minecraft:furnace_minecart":1,"minecraft:iron_pickaxe":1,"minecraft:gravel":6,"biomesoplenty:toadstool":2,"minecraft:stone_axe":1,"minecraft:sugar_cane":1,"minecraft:cobbled_deepslate":19,"biomesoplenty:redwood_sapling":2,"minecraft:wheat":3,"minecraft:rotten_flesh":33,"create:asurine":1,"minecraft:carrot":1,"minecraft:birch_fence_gate":61,"minecraft:white_dye":9,"minecraft:arrow":8,"minecraft:glass":8,"totemic:flute":1,"iceandfire:armor_copper_metal_leggings":3,"minecraft:stone_brick_stairs":171,"minecraft:iron_ingot":83,"minecraft:wheat_seeds":89,"biomesoplenty:maple_trapdoor":1,"chococraft:gold_gysahl":3,"minecraft:minecart":4,"minecraft:poisonous_potato":2,"iceandfire:armor_copper_metal_chestplate":1,"minecraft:iron_helmet":1,"minecraft:cobblestone":708,"chococraft:gysahl_green_seeds":6,"quark:clear_shard":12,"minecraft:golden_carrot":1,"minecraft:ink_sac":5,"travelersbackpack:blank_upgrade":1,"minecraft:iron_leggings":1,"minecraft:oak_stairs":5,"artifacts:crystal_heart":1,"minecraft:string":9,"minecraft:bucket":1,"create:raw_zinc":1,"minecraft:dandelion":4,"create:ochrum":1,"minecraft:stone_sword":1,"biomesoplenty:yellow_maple_sapling":12,"minecraft:stone_shovel":2,"minecraft:chicken":1,"minecraft:iron_boots":2,"artifacts:flame_pendant":2,"minecraft:stone_slab":126,"minecraft:white_terracotta":2,"minecraft:shears":1,"minecraft:stone":101,"fishofthieves:earthworms":68,"minecraft:iron_chestplate":1,"minecraft:spider_eye":2,"minecraft:stone_bricks":116,"minecraft:stone_pickaxe":1,"chococraft:gysahl_green":29}},"DataVersion":3465}