{"stats":{"minecraft:broken":{"vanillaplustools:stone_hammer":1,"minecraft:stone_shovel":5},"minecraft:custom":{"minecraft:interact_with_furnace":35,"minecraft:mob_kills":4,"minecraft:interact_with_crafting_table":18,"minecraft:leave_game":1,"minecraft:time_since_death":38447,"minecraft:climb_one_cm":188,"minecraft:time_since_rest":38474,"minecraft:sprint_one_cm":215935,"minecraft:damage_taken":3534,"minecraft:walk_one_cm":488983,"minecraft:drop":73,"minecraft:damage_dealt":868,"minecraft:swim_one_cm":52937,"minecraft:fly_one_cm":300998,"minecraft:open_chest":53,"minecraft:crouch_one_cm":2295,"minecraft:play_time":149352,"minecraft:deaths":2,"minecraft:sneak_time":826,"minecraft:walk_under_water_one_cm":12382,"minecraft:jump":1352,"minecraft:walk_on_water_one_cm":24131,"minecraft:total_world_time":149352,"minecraft:fall_one_cm":31354},"minecraft:used":{"minecraft:wheat_seeds":16,"minecraft:water_bucket":45,"quark:birch_chest":6,"minecraft:stone_sword":27,"iceandfire:armor_copper_metal_leggings":1,"minecraft:stone_shovel":759,"minecraft:stone_pickaxe":36,"minecraft:stone":2,"vanillaplustools:stone_hammer":131,"minecraft:torch":15,"biomesoplenty:yellow_maple_sapling":28,"iceandfire:armor_copper_metal_boots":1,"minecraft:dirt":103,"minecraft:hopper":8,"minecraft:crafting_table":2,"minecraft:carrot":41,"minecraft:birch_sign":10,"minecraft:stone_stairs":17,"minecraft:glass":4,"minecraft:lava_bucket":1,"totemic:flute":20,"iceandfire:armor_copper_metal_chestplate":1,"minecraft:birch_fence_gate":9,"chococraft:gysahl_green_seeds":7,"minecraft:iron_pickaxe":261,"minecraft:stone_brick_stairs":1,"minecraft:stone_bricks":82,"minecraft:stone_axe":129,"iceandfire:armor_copper_metal_helmet":1,"minecraft:cooked_porkchop":5,"minecraft:bucket":46,"chococraft:gysahl_green":50,"alexsmobs:animal_dictionary":1,"minecraft:potato":1},"minecraft:killed":{"minecraft:piglin":1,"minecraft:spider":1,"minecraft:zombie":2},"minecraft:mined":{"iceandfire:silver_ore":5,"minecraft:dandelion":1,"gravestone:gravestone":1,"minecraft:birch_fence_gate":1,"minecraft:glow_lichen":1,"minecraft:torch":5,"minecraft:granite":58,"minecraft:grass_block":472,"minecraft:cobblestone":2,"minecraft:copper_ore":9,"minecraft:tall_grass":9,"biomesoplenty:yellow_maple_leaf_pile":1,"minecraft:hopper":4,"minecraft:wall_torch":2,"minecraft:seagrass":1,"minecraft:stone_stairs":1,"minecraft:carrots":10,"biomesoplenty:toadstool":2,"minecraft:birch_log":119,"minecraft:iron_ore":25,"minecraft:stone_brick_stairs":1,"minecraft:grass":34,"chococraft:gysahl_green":11,"minecraft:potatoes":1,"minecraft:coal_ore":41,"minecraft:deepslate_iron_ore":1,"biomesoplenty:webbing":1,"minecraft:gravel":19,"minecraft:dirt":447,"minecraft:birch_wall_sign":1,"biomesoplenty:stringy_cobweb":1,"minecraft:cobweb":4,"minecraft:stone_bricks":1,"minecraft:stone":1318,"create:limestone":3},"minecraft:crafted":{"minecraft:oak_planks":32,"minecraft:oak_sign":9,"quark:birch_chest":10,"minecraft:crafting_table":2,"biomesoplenty:redwood_planks":360,"minecraft:stone":71,"minecraft:birch_planks":464,"minecraft:air":0,"minecraft:stone_stairs":16,"minecraft:hopper":4,"minecraft:birch_fence_gate":17,"minecraft:stick":80,"quark:oak_chest":1,"minecraft:iron_ingot":0,"minecraft:iron_pickaxe":1,"minecraft:torch":12,"minecraft:birch_sign":27},"minecraft:picked_up":{"minecraft:birch_log":116,"chococraft:loverly_gysahl_green":2,"minecraft:golden_carrot":2,"iceandfire:armor_copper_metal_chestplate":1,"totemic:flute":1,"artifacts:anglers_hat":1,"minecraft:potato":1,"minecraft:birch_planks":32,"minecraft:flint":3,"minecraft:stone_brick_stairs":46,"gravestone:obituary":2,"artifacts:flame_pendant":2,"minecraft:cobblestone_stairs":1,"iceandfire:armor_copper_metal_helmet":1,"minecraft:dirt":941,"minecraft:string":5,"minecraft:stone_stairs":1,"minecraft:raw_copper":42,"create:limestone":3,"minecraft:glass":43,"chococraft:gysahl_green":81,"minecraft:stone_bricks":745,"chococraft:gold_gysahl":2,"minecraft:wheat_seeds":17,"minecraft:bucket":2,"minecraft:stone_pickaxe":1,"minecraft:iron_ingot":71,"artifacts:kitty_slippers":1,"fishofthieves:earthworms":40,"minecraft:iron_pickaxe":1,"biomesoplenty:toadstool":2,"minecraft:stick":11,"minecraft:raw_iron":26,"minecraft:stone":7,"minecraft:cooked_porkchop":5,"iceandfire:armor_copper_metal_leggings":1,"minecraft:torch":9,"minecraft:gravel":16,"minecraft:birch_fence_gate":1,"chococraft:gysahl_green_seeds":12,"minecraft:ink_sac":1,"minecraft:carrot":33,"iceandfire:armor_copper_metal_boots":1,"minecraft:stone_sword":1,"minecraft:rotten_flesh":6,"minecraft:stone_shovel":6,"biomesoplenty:yellow_maple_sapling":35,"minecraft:stone_axe":1,"minecraft:granite":60,"vanillaplustools:stone_hammer":1,"minecraft:birch_sign":1,"artifacts:panic_necklace":1,"minecraft:coal":41,"minecraft:hopper":4,"iceandfire:raw_silver":5,"minecraft:cobblestone":1326},"minecraft:killed_by":{"minecraft:player":1},"minecraft:dropped":{"minecraft:iron_ingot":83,"biomesoplenty:toadstool":2,"chococraft:loverly_gysahl_green":2,"chococraft:gold_gysahl":2,"biomesoplenty:yellow_maple_sapling":7,"minecraft:cobblestone":708,"minecraft:rotten_flesh":5,"artifacts:flame_pendant":2,"chococraft:gysahl_green_seeds":5,"minecraft:dirt":33,"minecraft:stone":101,"minecraft:golden_carrot":1,"fishofthieves:earthworms":40,"minecraft:ink_sac":1,"gravestone:obituary":1,"minecraft:stone_bricks":116,"totemic:flute":1,"minecraft:stone_brick_stairs":88,"minecraft:bucket":1,"chococraft:gysahl_green":29}},"DataVersion":3465}