{"stats":{"minecraft:broken":{"vanillaplustools:stone_hammer":1,"minecraft:iron_pickaxe":1,"minecraft:stone_shovel":5},"minecraft:custom":{"minecraft:mob_kills":4,"minecraft:interact_with_crafting_table":24,"minecraft:leave_game":1,"minecraft:time_since_death":726,"minecraft:climb_one_cm":188,"minecraft:sprint_one_cm":343892,"minecraft:walk_one_cm":673912,"minecraft:drop":87,"minecraft:play_time":197352,"minecraft:deaths":6,"minecraft:sneak_time":2776,"minecraft:walk_under_water_one_cm":24944,"minecraft:jump":1894,"minecraft:walk_on_water_one_cm":31459,"minecraft:total_world_time":197352,"minecraft:interact_with_furnace":35,"minecraft:time_since_rest":757,"minecraft:damage_taken":5315,"minecraft:damage_dealt":868,"minecraft:swim_one_cm":61673,"minecraft:fly_one_cm":448849,"minecraft:open_chest":57,"minecraft:crouch_one_cm":11487,"minecraft:fall_one_cm":39764},"minecraft:used":{"quark:birch_chest":6,"minecraft:stone_sword":27,"iceandfire:armor_copper_metal_leggings":1,"minecraft:stone_shovel":759,"minecraft:stone":2,"vanillaplustools:stone_hammer":131,"minecraft:torch":20,"biomesoplenty:yellow_maple_sapling":28,"iceandfire:armor_copper_metal_boots":1,"minecraft:dirt":108,"minecraft:hopper":8,"minecraft:carrot":51,"minecraft:stone_stairs":17,"minecraft:glass":8,"totemic:flute":20,"minecraft:lava_bucket":1,"minecraft:stone_brick_stairs":54,"minecraft:stone_bricks":584,"iceandfire:armor_copper_metal_helmet":1,"minecraft:potato":1,"minecraft:wheat_seeds":16,"minecraft:water_bucket":45,"minecraft:stone_pickaxe":40,"minecraft:baked_potato":4,"minecraft:crafting_table":3,"minecraft:birch_sign":10,"minecraft:stone_brick_wall":85,"iceandfire:armor_copper_metal_chestplate":1,"minecraft:birch_fence_gate":9,"chococraft:gysahl_green_seeds":7,"minecraft:iron_pickaxe":322,"minecraft:stone_axe":129,"minecraft:cooked_porkchop":5,"minecraft:bucket":46,"chococraft:gysahl_green":57,"alexsmobs:animal_dictionary":1},"minecraft:killed":{"minecraft:spider":1,"minecraft:piglin":1,"minecraft:zombie":2},"minecraft:mined":{"iceandfire:silver_ore":5,"minecraft:glow_lichen":1,"minecraft:birch_fence_gate":1,"gravestone:gravestone":3,"minecraft:granite":58,"minecraft:stone_brick_wall":16,"minecraft:grass_block":525,"biomesoplenty:yellow_maple_leaf_pile":1,"minecraft:hopper":4,"minecraft:carrots":19,"biomesoplenty:toadstool":2,"minecraft:iron_ore":25,"minecraft:fire":14,"chococraft:gysahl_green":11,"minecraft:potatoes":2,"minecraft:deepslate_iron_ore":1,"biomesoplenty:webbing":1,"minecraft:birch_wall_sign":1,"minecraft:stone":1339,"create:limestone":3,"minecraft:dandelion":1,"minecraft:crafting_table":1,"minecraft:torch":9,"minecraft:tall_grass":9,"minecraft:copper_ore":9,"minecraft:cobblestone":2,"minecraft:wall_torch":3,"minecraft:seagrass":2,"minecraft:stone_stairs":1,"biomesoplenty:red_maple_leaf_pile":1,"minecraft:birch_log":119,"minecraft:stone_brick_stairs":8,"minecraft:grass":49,"minecraft:coal_ore":41,"minecraft:gravel":19,"minecraft:dirt":452,"biomesoplenty:stringy_cobweb":1,"minecraft:cobweb":4,"minecraft:stone_bricks":22},"minecraft:crafted":{"minecraft:oak_planks":32,"minecraft:oak_sign":9,"minecraft:stone_brick_wall":36,"quark:birch_chest":10,"minecraft:stone":71,"minecraft:stone_stairs":16,"minecraft:hopper":4,"minecraft:birch_fence_gate":69,"minecraft:birch_sign":27,"minecraft:crafting_table":3,"biomesoplenty:redwood_planks":360,"minecraft:birch_planks":464,"minecraft:air":0,"minecraft:stone_brick_stairs":84,"minecraft:stick":284,"quark:oak_chest":1,"minecraft:iron_ingot":0,"minecraft:iron_pickaxe":1,"minecraft:torch":12},"minecraft:picked_up":{"minecraft:crafting_table":1,"chococraft:loverly_gysahl_green":2,"iceandfire:armor_copper_metal_chestplate":1,"minecraft:stone_brick_wall":80,"minecraft:stone_brick_stairs":53,"gravestone:obituary":3,"minecraft:raw_copper":42,"minecraft:stone_stairs":1,"minecraft:string":5,"create:limestone":3,"minecraft:bucket":2,"minecraft:iron_pickaxe":1,"minecraft:stick":11,"minecraft:raw_iron":26,"minecraft:stone":7,"iceandfire:armor_copper_metal_leggings":1,"minecraft:torch":12,"iceandfire:armor_copper_metal_boots":1,"minecraft:carrot":68,"minecraft:stone_sword":1,"minecraft:stone_shovel":6,"minecraft:rotten_flesh":6,"artifacts:panic_necklace":1,"minecraft:white_wool":12,"minecraft:cobblestone":1343,"minecraft:birch_log":116,"minecraft:golden_carrot":2,"totemic:flute":1,"minecraft:potato":4,"artifacts:anglers_hat":1,"minecraft:birch_planks":32,"minecraft:flint":5,"iceandfire:armor_copper_metal_helmet":1,"artifacts:flame_pendant":2,"minecraft:cobblestone_stairs":1,"minecraft:dirt":1000,"minecraft:glass":43,"chococraft:gysahl_green":93,"minecraft:stone_bricks":766,"chococraft:gold_gysahl":3,"minecraft:wheat_seeds":25,"minecraft:iron_ingot":71,"minecraft:stone_pickaxe":1,"artifacts:kitty_slippers":1,"fishofthieves:earthworms":50,"biomesoplenty:toadstool":2,"minecraft:cooked_porkchop":5,"minecraft:dandelion":4,"minecraft:gravel":24,"minecraft:birch_fence_gate":1,"chococraft:gysahl_green_seeds":13,"minecraft:ink_sac":1,"biomesoplenty:yellow_maple_sapling":35,"minecraft:stone_axe":1,"minecraft:granite":62,"vanillaplustools:stone_hammer":1,"minecraft:birch_sign":1,"minecraft:baked_potato":9,"minecraft:coal":41,"iceandfire:raw_silver":5,"minecraft:hopper":4},"minecraft:killed_by":{"minecraft:player":1},"minecraft:dropped":{"minecraft:iron_ingot":83,"minecraft:wheat_seeds":9,"chococraft:loverly_gysahl_green":2,"chococraft:gold_gysahl":3,"minecraft:cobblestone":708,"chococraft:gysahl_green_seeds":6,"minecraft:cobblestone_stairs":1,"minecraft:dirt":33,"minecraft:golden_carrot":1,"minecraft:ink_sac":1,"gravestone:obituary":5,"minecraft:iron_pickaxe":1,"minecraft:bucket":1,"minecraft:dandelion":2,"biomesoplenty:toadstool":2,"biomesoplenty:yellow_maple_sapling":7,"minecraft:rotten_flesh":5,"artifacts:flame_pendant":2,"minecraft:birch_fence_gate":61,"minecraft:stone":101,"fishofthieves:earthworms":40,"minecraft:stone_bricks":116,"totemic:flute":1,"minecraft:stone_brick_stairs":171,"chococraft:gysahl_green":29}},"DataVersion":3465}