{"stats":{"minecraft:broken":{"iceandfire:armor_copper_metal_leggings":1,"vanillaplustools:stone_hammer":1,"minecraft:stone_axe":2,"minecraft:iron_pickaxe":1,"minecraft:stone_shovel":5,"iceandfire:armor_copper_metal_boots":1,"iceandfire:armor_copper_metal_helmet":1},"minecraft:used":{"quark:birch_chest":6,"minecraft:stone_sword":106,"iceandfire:armor_copper_metal_leggings":2,"minecraft:stone_shovel":759,"minecraft:stone":2,"minecraft:iron_sword":50,"vanillaplustools:stone_hammer":131,"minecraft:torch":31,"biomesoplenty:yellow_maple_sapling":62,"iceandfire:armor_copper_metal_boots":1,"minecraft:dirt":170,"minecraft:hopper":8,"minecraft:carrot":158,"minecraft:stone_stairs":17,"biomesoplenty:orange_maple_sapling":1,"minecraft:glass":66,"totemic:flute":20,"minecraft:lava_bucket":1,"minecraft:iron_axe":30,"minecraft:iron_helmet":1,"minecraft:stone_brick_stairs":54,"minecraft:stone_bricks":611,"minecraft:golden_carrot":1,"iceandfire:armor_copper_metal_helmet":1,"minecraft:potato":20,"minecraft:light_gray_bed":4,"minecraft:wheat_seeds":54,"minecraft:water_bucket":132,"minecraft:birch_planks":12,"minecraft:stone_pickaxe":55,"minecraft:baked_potato":15,"minecraft:oak_planks":1,"biomesoplenty:maple_planks":10,"minecraft:stonecutter":1,"minecraft:crafting_table":3,"alexscaves:cave_book":2,"minecraft:blast_furnace":1,"minecraft:birch_sign":10,"minecraft:white_bed":22,"minecraft:stone_brick_wall":85,"minecraft:black_bed":11,"iceandfire:armor_copper_metal_chestplate":1,"minecraft:birch_fence_gate":9,"minecraft:bread":11,"chococraft:gysahl_green_seeds":11,"minecraft:iron_pickaxe":415,"minecraft:stone_slab":85,"minecraft:stone_axe":285,"minecraft:yellow_bed":1,"minecraft:birch_log":1,"minecraft:cooked_porkchop":5,"minecraft:bucket":136,"chococraft:gysahl_green":64,"alexsmobs:animal_dictionary":1},"minecraft:custom":{"minecraft:interact_with_smithing_table":2,"minecraft:interact_with_anvil":2,"minecraft:mob_kills":41,"minecraft:animals_bred":1,"minecraft:open_barrel":7,"minecraft:interact_with_crafting_table":46,"minecraft:bell_ring":5,"minecraft:leave_game":1,"minecraft:time_since_death":12764,"minecraft:climb_one_cm":188,"minecraft:sprint_one_cm":736937,"minecraft:walk_one_cm":1074796,"minecraft:drop":219,"minecraft:talked_to_villager":8,"minecraft:play_time":407352,"minecraft:deaths":13,"minecraft:sneak_time":9645,"minecraft:walk_under_water_one_cm":118104,"minecraft:jump":4894,"minecraft:interact_with_brewingstand":1,"minecraft:interact_with_blast_furnace":5,"minecraft:walk_on_water_one_cm":158410,"minecraft:total_world_time":407352,"minecraft:interact_with_furnace":59,"minecraft:interact_with_stonecutter":1,"minecraft:time_since_rest":12787,"minecraft:damage_taken":9743,"minecraft:damage_dealt":5990,"minecraft:swim_one_cm":114559,"minecraft:fly_one_cm":1060723,"minecraft:open_chest":139,"minecraft:crouch_one_cm":26506,"minecraft:interact_with_smoker":11,"minecraft:fall_one_cm":101643},"minecraft:killed":{"minecraft:cave_spider":1,"minecraft:spider":3,"artifacts:mimic":2,"minecraft:piglin":1,"minecraft:pig":21,"minecraft:creeper":1,"minecraft:sheep":4,"minecraft:zombie":7},"minecraft:crafted":{"minecraft:oak_planks":36,"minecraft:oak_sign":9,"minecraft:stone_brick_wall":36,"quark:birch_chest":10,"biomesoplenty:maple_planks":44,"minecraft:stone":71,"minecraft:bone_meal":12,"minecraft:stone_stairs":16,"minecraft:glass":8,"minecraft:hopper":4,"minecraft:iron_boots":2,"minecraft:birch_fence_gate":69,"minecraft:birch_sign":27,"minecraft:cooked_porkchop":41,"minecraft:crafting_table":3,"biomesoplenty:redwood_planks":360,"travelersbackpack:standard":1,"minecraft:iron_helmet":2,"minecraft:baked_potato":73,"minecraft:iron_sword":1,"minecraft:birch_planks":464,"minecraft:stone_axe":1,"minecraft:bread":11,"minecraft:air":0,"minecraft:stone_brick_stairs":84,"minecraft:iron_chestplate":1,"minecraft:white_wool":3,"minecraft:charcoal":16,"minecraft:white_dye":12,"minecraft:stone_slab":12,"minecraft:stick":292,"quark:oak_chest":1,"minecraft:iron_ingot":0,"minecraft:iron_pickaxe":4,"minecraft:iron_leggings":2,"minecraft:black_bed":2,"minecraft:white_bed":8,"minecraft:torch":12,"minecraft:shears":1},"minecraft:mined":{"create:deepslate_zinc_ore":20,"minecraft:tuff":1,"minecraft:candle":1,"minecraft:white_bed":11,"iceandfire:silver_ore":5,"minecraft:brewing_stand":1,"minecraft:glow_lichen":1,"minecraft:birch_fence_gate":1,"gravestone:gravestone":11,"minecraft:granite":58,"minecraft:stone_brick_wall":16,"minecraft:grass_block":526,"minecraft:light_gray_bed":2,"biomesoplenty:yellow_maple_leaf_pile":2,"minecraft:hopper":4,"minecraft:carrots":47,"biomesoplenty:toadstool":2,"minecraft:iron_ore":25,"minecraft:fire":15,"minecraft:deepslate_lapis_ore":2,"biomesoplenty:hanging_cobweb":2,"create:asurine":1,"chococraft:gysahl_green":11,"minecraft:potatoes":24,"minecraft:deepslate_iron_ore":1,"biomesoplenty:webbing":1,"minecraft:birch_wall_sign":1,"minecraft:stone":1339,"create:limestone":3,"biomesoplenty:maple_log":12,"minecraft:dandelion":1,"minecraft:crafting_table":1,"minecraft:torch":10,"minecraft:blast_furnace":1,"minecraft:stone_slab":13,"minecraft:glass":3,"minecraft:tall_grass":9,"minecraft:copper_ore":9,"minecraft:cobblestone":2,"minecraft:lapis_ore":2,"minecraft:deepslate_gold_ore":10,"minecraft:oak_planks":1,"minecraft:wall_torch":8,"minecraft:seagrass":2,"minecraft:stone_stairs":1,"minecraft:birch_planks":7,"biomesoplenty:red_maple_leaf_pile":1,"minecraft:birch_log":252,"minecraft:wheat":38,"minecraft:black_bed":5,"biomesoplenty:maple_planks":12,"minecraft:stone_brick_stairs":8,"minecraft:grass":61,"minecraft:coal_ore":41,"minecraft:gravel":21,"minecraft:dirt":491,"biomesoplenty:stringy_cobweb":1,"minecraft:cobweb":4,"minecraft:stonecutter":1,"minecraft:stone_bricks":22,"minecraft:chipped_anvil":1,"minecraft:deepslate":54,"minecraft:fern":6},"minecraft:picked_up":{"minecraft:crafting_table":1,"chococraft:loverly_gysahl_green":2,"minecraft:wheat":38,"minecraft:stone_slab":95,"iceandfire:armor_copper_metal_chestplate":1,"minecraft:oak_stairs":5,"minecraft:stone_brick_wall":80,"minecraft:stone_brick_stairs":53,"gravestone:obituary":8,"minecraft:brewing_stand":1,"minecraft:iron_axe":1,"minecraft:raw_copper":42,"minecraft:stone_stairs":1,"minecraft:string":20,"create:limestone":3,"biomesoplenty:maple_planks":12,"minecraft:iron_shovel":1,"minecraft:cobbled_deepslate":58,"minecraft:bucket":2,"minecraft:iron_pickaxe":1,"minecraft:sugar_cane":1,"minecraft:iron_boots":1,"minecraft:stick":34,"minecraft:raw_iron":26,"minecraft:stone":7,"iceandfire:armor_copper_metal_leggings":3,"minecraft:torch":20,"travelersbackpack:iron_tier_upgrade":1,"travelersbackpack:diamond_tier_upgrade":1,"minecraft:porkchop":40,"biomesoplenty:orange_maple_sapling":1,"iceandfire:armor_copper_metal_boots":1,"minecraft:carrot":173,"minecraft:light_gray_bed":2,"quark:clear_shard":12,"minecraft:stone_sword":1,"minecraft:stone_shovel":7,"minecraft:rotten_flesh":37,"create:asurine":1,"biomesoplenty:redwood_sapling":2,"minecraft:white_terracotta":2,"artifacts:panic_necklace":1,"minecraft:mutton":5,"minecraft:white_wool":19,"minecraft:cobblestone":1344,"minecraft:stripped_oak_log":1,"minecraft:birch_log":244,"minecraft:golden_carrot":2,"minecraft:water_bucket":1,"minecraft:leather":1,"minecraft:black_bed":11,"minecraft:gunpowder":2,"totemic:flute":1,"minecraft:potato":80,"artifacts:anglers_hat":1,"minecraft:birch_planks":39,"minecraft:flint":5,"create:raw_zinc":20,"minecraft:oak_log":4,"artifacts:cloud_in_a_bottle":1,"minecraft:lapis_lazuli":21,"minecraft:yellow_bed":2,"iceandfire:armor_copper_metal_helmet":1,"artifacts:flame_pendant":3,"minecraft:cobblestone_stairs":1,"minecraft:dirt":1090,"minecraft:chipped_anvil":1,"minecraft:rabbit_hide":7,"minecraft:glass":90,"minecraft:raw_gold":20,"chococraft:gysahl_green":93,"minecraft:stone_bricks":847,"chococraft:gold_gysahl":3,"minecraft:stonecutter":1,"minecraft:wheat_seeds":143,"biomesoplenty:maple_log":11,"minecraft:iron_ingot":71,"minecraft:stone_pickaxe":1,"minecraft:cobweb":9,"artifacts:kitty_slippers":1,"fishofthieves:earthworms":68,"travelersbackpack:blank_upgrade":3,"minecraft:oak_planks":2,"biomesoplenty:toadstool":2,"minecraft:cooked_porkchop":5,"artifacts:rooted_boots":1,"minecraft:poisonous_potato":2,"minecraft:dandelion":4,"minecraft:gravel":26,"minecraft:birch_fence_gate":1,"chococraft:gysahl_green_seeds":17,"minecraft:blast_furnace":1,"minecraft:ink_sac":5,"minecraft:white_bed":10,"minecraft:spider_eye":2,"artifacts:crystal_heart":2,"biomesoplenty:yellow_maple_sapling":74,"minecraft:stone_axe":2,"biomesoplenty:maple_trapdoor":1,"minecraft:granite":62,"vanillaplustools:stone_hammer":1,"minecraft:birch_sign":1,"minecraft:gray_wool":1,"minecraft:baked_potato":9,"minecraft:black_wool":10,"minecraft:coal":53,"iceandfire:raw_silver":5,"minecraft:hopper":4},"minecraft:killed_by":{"minecraft:player":1},"minecraft:dropped":{"minecraft:iron_ingot":83,"biomesoplenty:maple_trapdoor":1,"minecraft:wheat_seeds":89,"chococraft:loverly_gysahl_green":2,"minecraft:baked_potato":25,"chococraft:gold_gysahl":3,"minecraft:poisonous_potato":2,"minecraft:iron_helmet":1,"iceandfire:armor_copper_metal_chestplate":1,"minecraft:cobblestone":708,"artifacts:cloud_in_a_bottle":1,"minecraft:black_bed":1,"chococraft:gysahl_green_seeds":6,"minecraft:cobblestone_stairs":1,"minecraft:dirt":33,"quark:clear_shard":12,"minecraft:golden_carrot":1,"minecraft:ink_sac":5,"travelersbackpack:blank_upgrade":1,"artifacts:crystal_heart":1,"minecraft:iron_leggings":1,"minecraft:oak_stairs":5,"gravestone:obituary":17,"minecraft:iron_pickaxe":1,"minecraft:string":9,"minecraft:bucket":1,"create:raw_zinc":1,"minecraft:dandelion":4,"minecraft:gravel":2,"biomesoplenty:toadstool":2,"minecraft:stone_axe":1,"minecraft:sugar_cane":1,"minecraft:cobbled_deepslate":10,"minecraft:stone_sword":1,"biomesoplenty:redwood_sapling":2,"minecraft:wheat":3,"biomesoplenty:yellow_maple_sapling":12,"minecraft:stone_shovel":2,"minecraft:rotten_flesh":29,"minecraft:iron_boots":2,"create:asurine":1,"artifacts:flame_pendant":2,"minecraft:stone_slab":126,"minecraft:white_terracotta":2,"minecraft:carrot":1,"minecraft:shears":1,"minecraft:birch_fence_gate":61,"minecraft:stone":101,"fishofthieves:earthworms":68,"minecraft:iron_chestplate":1,"minecraft:stone_bricks":116,"minecraft:white_dye":9,"minecraft:glass":8,"minecraft:stone_pickaxe":1,"iceandfire:armor_copper_metal_leggings":3,"totemic:flute":1,"minecraft:stone_brick_stairs":171,"chococraft:gysahl_green":29}},"DataVersion":3465}