{"stats":{"minecraft:broken":{"vanillaplustools:stone_hammer":1,"minecraft:stone_axe":2,"minecraft:iron_pickaxe":1,"minecraft:stone_shovel":5,"iceandfire:armor_copper_metal_boots":1,"iceandfire:armor_copper_metal_helmet":1},"minecraft:used":{"quark:birch_chest":6,"minecraft:stone_sword":106,"iceandfire:armor_copper_metal_leggings":1,"minecraft:stone_shovel":759,"minecraft:stone":2,"vanillaplustools:stone_hammer":131,"minecraft:torch":21,"biomesoplenty:yellow_maple_sapling":62,"iceandfire:armor_copper_metal_boots":1,"minecraft:dirt":108,"minecraft:hopper":8,"minecraft:carrot":82,"minecraft:stone_stairs":17,"biomesoplenty:orange_maple_sapling":1,"minecraft:glass":8,"totemic:flute":20,"minecraft:lava_bucket":1,"minecraft:stone_brick_stairs":54,"minecraft:stone_bricks":584,"iceandfire:armor_copper_metal_helmet":1,"minecraft:potato":20,"minecraft:wheat_seeds":18,"minecraft:water_bucket":45,"minecraft:stone_pickaxe":42,"minecraft:baked_potato":5,"minecraft:stonecutter":1,"minecraft:crafting_table":3,"alexscaves:cave_book":2,"minecraft:blast_furnace":1,"minecraft:birch_sign":10,"minecraft:stone_brick_wall":85,"iceandfire:armor_copper_metal_chestplate":1,"minecraft:birch_fence_gate":9,"chococraft:gysahl_green_seeds":11,"minecraft:iron_pickaxe":322,"minecraft:stone_axe":285,"minecraft:cooked_porkchop":5,"minecraft:bucket":47,"chococraft:gysahl_green":64,"alexsmobs:animal_dictionary":1},"minecraft:custom":{"minecraft:interact_with_smithing_table":1,"minecraft:mob_kills":29,"minecraft:animals_bred":1,"minecraft:interact_with_crafting_table":31,"minecraft:bell_ring":5,"minecraft:leave_game":1,"minecraft:time_since_death":41304,"minecraft:climb_one_cm":188,"minecraft:sprint_one_cm":489558,"minecraft:walk_one_cm":808365,"minecraft:drop":114,"minecraft:play_time":257352,"minecraft:deaths":9,"minecraft:sneak_time":3028,"minecraft:walk_under_water_one_cm":34686,"minecraft:jump":2645,"minecraft:interact_with_blast_furnace":2,"minecraft:walk_on_water_one_cm":35612,"minecraft:total_world_time":257352,"minecraft:interact_with_furnace":35,"minecraft:time_since_rest":41330,"minecraft:damage_taken":6219,"minecraft:damage_dealt":3350,"minecraft:swim_one_cm":79974,"minecraft:fly_one_cm":650929,"minecraft:open_chest":90,"minecraft:crouch_one_cm":12025,"minecraft:interact_with_smoker":2,"minecraft:fall_one_cm":55874},"minecraft:killed":{"minecraft:spider":1,"minecraft:piglin":1,"minecraft:pig":21,"minecraft:sheep":4,"minecraft:zombie":2},"minecraft:mined":{"iceandfire:silver_ore":5,"minecraft:glow_lichen":1,"minecraft:birch_fence_gate":1,"gravestone:gravestone":7,"minecraft:granite":58,"minecraft:stone_brick_wall":16,"minecraft:grass_block":525,"biomesoplenty:yellow_maple_leaf_pile":2,"minecraft:hopper":4,"minecraft:carrots":33,"biomesoplenty:toadstool":2,"minecraft:iron_ore":25,"minecraft:fire":15,"chococraft:gysahl_green":11,"minecraft:potatoes":24,"minecraft:deepslate_iron_ore":1,"biomesoplenty:webbing":1,"minecraft:birch_wall_sign":1,"minecraft:stone":1339,"create:limestone":3,"biomesoplenty:maple_log":12,"minecraft:dandelion":1,"minecraft:crafting_table":1,"minecraft:torch":9,"minecraft:blast_furnace":1,"minecraft:tall_grass":9,"minecraft:copper_ore":9,"minecraft:cobblestone":2,"minecraft:wall_torch":4,"minecraft:seagrass":2,"minecraft:stone_stairs":1,"biomesoplenty:red_maple_leaf_pile":1,"minecraft:birch_log":251,"minecraft:wheat":3,"minecraft:stone_brick_stairs":8,"minecraft:grass":59,"minecraft:coal_ore":41,"minecraft:gravel":19,"minecraft:dirt":452,"biomesoplenty:stringy_cobweb":1,"minecraft:cobweb":4,"minecraft:stonecutter":1,"minecraft:stone_bricks":22,"minecraft:fern":6},"minecraft:crafted":{"minecraft:oak_planks":36,"minecraft:oak_sign":9,"minecraft:stone_brick_wall":36,"quark:birch_chest":10,"biomesoplenty:maple_planks":44,"minecraft:stone":71,"minecraft:bone_meal":12,"minecraft:stone_stairs":16,"minecraft:hopper":4,"minecraft:birch_fence_gate":69,"minecraft:birch_sign":27,"minecraft:crafting_table":3,"biomesoplenty:redwood_planks":360,"minecraft:baked_potato":5,"minecraft:birch_planks":464,"minecraft:stone_axe":1,"minecraft:air":0,"minecraft:stone_brick_stairs":84,"minecraft:white_wool":3,"minecraft:white_dye":12,"minecraft:stick":288,"quark:oak_chest":1,"minecraft:iron_ingot":0,"minecraft:iron_pickaxe":1,"minecraft:white_bed":8,"minecraft:torch":12},"minecraft:picked_up":{"minecraft:crafting_table":1,"chococraft:loverly_gysahl_green":2,"minecraft:wheat":3,"iceandfire:armor_copper_metal_chestplate":1,"minecraft:oak_stairs":3,"minecraft:stone_brick_wall":80,"minecraft:stone_brick_stairs":53,"gravestone:obituary":8,"minecraft:raw_copper":42,"minecraft:stone_stairs":1,"minecraft:string":5,"create:limestone":3,"minecraft:bucket":2,"minecraft:iron_pickaxe":1,"minecraft:sugar_cane":1,"minecraft:stick":33,"minecraft:raw_iron":26,"minecraft:stone":7,"iceandfire:armor_copper_metal_leggings":1,"minecraft:torch":15,"minecraft:porkchop":40,"biomesoplenty:orange_maple_sapling":1,"iceandfire:armor_copper_metal_boots":1,"minecraft:carrot":123,"minecraft:stone_sword":1,"minecraft:stone_shovel":7,"minecraft:rotten_flesh":6,"biomesoplenty:redwood_sapling":2,"minecraft:white_terracotta":2,"artifacts:panic_necklace":1,"minecraft:mutton":5,"minecraft:white_wool":19,"minecraft:cobblestone":1344,"minecraft:stripped_oak_log":1,"minecraft:birch_log":243,"minecraft:golden_carrot":2,"minecraft:black_bed":3,"totemic:flute":1,"minecraft:potato":79,"artifacts:anglers_hat":1,"minecraft:birch_planks":32,"minecraft:flint":5,"minecraft:oak_log":4,"minecraft:yellow_bed":1,"iceandfire:armor_copper_metal_helmet":1,"artifacts:flame_pendant":2,"minecraft:cobblestone_stairs":1,"minecraft:dirt":1000,"minecraft:glass":44,"chococraft:gysahl_green":93,"minecraft:stone_bricks":766,"chococraft:gold_gysahl":3,"minecraft:stonecutter":1,"minecraft:wheat_seeds":33,"biomesoplenty:maple_log":11,"minecraft:iron_ingot":71,"minecraft:stone_pickaxe":1,"artifacts:kitty_slippers":1,"fishofthieves:earthworms":50,"minecraft:oak_planks":1,"biomesoplenty:toadstool":2,"minecraft:cooked_porkchop":5,"minecraft:dandelion":4,"minecraft:gravel":24,"minecraft:birch_fence_gate":1,"chococraft:gysahl_green_seeds":17,"minecraft:blast_furnace":1,"minecraft:ink_sac":1,"biomesoplenty:yellow_maple_sapling":72,"minecraft:stone_axe":2,"minecraft:granite":62,"vanillaplustools:stone_hammer":1,"minecraft:birch_sign":1,"minecraft:gray_wool":1,"minecraft:baked_potato":9,"minecraft:black_wool":2,"minecraft:coal":41,"iceandfire:raw_silver":5,"minecraft:hopper":4},"minecraft:killed_by":{"minecraft:player":1},"minecraft:dropped":{"minecraft:iron_ingot":83,"minecraft:wheat_seeds":15,"chococraft:loverly_gysahl_green":2,"chococraft:gold_gysahl":3,"iceandfire:armor_copper_metal_chestplate":1,"minecraft:cobblestone":708,"chococraft:gysahl_green_seeds":6,"minecraft:cobblestone_stairs":1,"minecraft:dirt":33,"minecraft:golden_carrot":1,"minecraft:ink_sac":1,"minecraft:oak_stairs":1,"gravestone:obituary":13,"minecraft:iron_pickaxe":1,"minecraft:bucket":1,"minecraft:dandelion":4,"biomesoplenty:toadstool":2,"minecraft:stone_axe":1,"minecraft:sugar_cane":1,"biomesoplenty:redwood_sapling":2,"minecraft:wheat":1,"biomesoplenty:yellow_maple_sapling":10,"minecraft:stone_shovel":2,"minecraft:rotten_flesh":5,"artifacts:flame_pendant":2,"minecraft:white_terracotta":2,"minecraft:shears":1,"minecraft:birch_fence_gate":61,"minecraft:stone":101,"fishofthieves:earthworms":50,"minecraft:stone_bricks":116,"totemic:flute":1,"minecraft:stone_brick_stairs":171,"chococraft:gysahl_green":29}},"DataVersion":3465}