{"stats":{"minecraft:broken":{"vanillaplustools:stone_hammer":1,"minecraft:stone_shovel":5},"minecraft:custom":{"minecraft:interact_with_furnace":33,"minecraft:mob_kills":3,"minecraft:interact_with_crafting_table":14,"minecraft:leave_game":1,"minecraft:time_since_death":89352,"minecraft:climb_one_cm":188,"minecraft:time_since_rest":89352,"minecraft:sprint_one_cm":162249,"minecraft:damage_taken":592,"minecraft:walk_one_cm":334037,"minecraft:drop":45,"minecraft:damage_dealt":583,"minecraft:swim_one_cm":39837,"minecraft:fly_one_cm":182386,"minecraft:open_chest":46,"minecraft:crouch_one_cm":1134,"minecraft:play_time":89352,"minecraft:sneak_time":369,"minecraft:walk_under_water_one_cm":7667,"minecraft:jump":852,"minecraft:walk_on_water_one_cm":6142,"minecraft:total_world_time":89352,"minecraft:fall_one_cm":19313},"minecraft:used":{"minecraft:wheat_seeds":16,"minecraft:stone_sword":21,"iceandfire:armor_copper_metal_leggings":1,"minecraft:stone_shovel":740,"minecraft:stone_pickaxe":36,"minecraft:stone":2,"vanillaplustools:stone_hammer":131,"minecraft:torch":3,"iceandfire:armor_copper_metal_boots":1,"minecraft:dirt":92,"minecraft:crafting_table":1,"minecraft:stone_stairs":17,"totemic:flute":17,"iceandfire:armor_copper_metal_chestplate":1,"minecraft:birch_fence_gate":9,"chococraft:gysahl_green_seeds":7,"minecraft:iron_pickaxe":153,"minecraft:stone_axe":23,"iceandfire:armor_copper_metal_helmet":1,"minecraft:cooked_porkchop":4,"chococraft:gysahl_green":30,"alexsmobs:animal_dictionary":1,"minecraft:potato":1},"minecraft:killed":{"minecraft:spider":1,"minecraft:zombie":2},"minecraft:mined":{"iceandfire:silver_ore":5,"minecraft:birch_fence_gate":1,"minecraft:glow_lichen":1,"minecraft:torch":1,"minecraft:grass_block":457,"minecraft:copper_ore":9,"minecraft:tall_grass":2,"biomesoplenty:yellow_maple_leaf_pile":1,"minecraft:seagrass":1,"minecraft:stone_stairs":1,"biomesoplenty:toadstool":2,"minecraft:birch_log":20,"minecraft:iron_ore":20,"minecraft:grass":16,"chococraft:gysahl_green":11,"minecraft:potatoes":1,"minecraft:coal_ore":41,"minecraft:deepslate_iron_ore":1,"biomesoplenty:webbing":1,"minecraft:dirt":444,"biomesoplenty:stringy_cobweb":1,"minecraft:cobweb":4,"minecraft:stone":1281,"create:limestone":3},"minecraft:crafted":{"minecraft:oak_planks":32,"minecraft:oak_sign":9,"quark:birch_chest":4,"minecraft:crafting_table":1,"biomesoplenty:redwood_planks":360,"minecraft:stone":71,"minecraft:birch_planks":80,"minecraft:air":0,"minecraft:stone_stairs":16,"minecraft:hopper":4,"minecraft:birch_fence_gate":8,"minecraft:stick":40,"quark:oak_chest":1,"minecraft:iron_ingot":0,"minecraft:iron_pickaxe":1,"minecraft:torch":12},"minecraft:picked_up":{"minecraft:birch_log":20,"chococraft:loverly_gysahl_green":2,"iceandfire:armor_copper_metal_chestplate":1,"totemic:flute":1,"artifacts:anglers_hat":1,"minecraft:potato":1,"minecraft:birch_planks":32,"iceandfire:armor_copper_metal_helmet":1,"minecraft:dirt":890,"minecraft:string":5,"minecraft:stone_stairs":1,"minecraft:raw_copper":40,"create:limestone":3,"chococraft:gysahl_green":71,"chococraft:gold_gysahl":2,"minecraft:wheat_seeds":16,"minecraft:bucket":1,"minecraft:stone_pickaxe":1,"minecraft:iron_ingot":71,"artifacts:kitty_slippers":1,"fishofthieves:earthworms":39,"minecraft:iron_pickaxe":1,"biomesoplenty:toadstool":2,"minecraft:stick":1,"minecraft:raw_iron":21,"minecraft:cooked_porkchop":5,"iceandfire:armor_copper_metal_leggings":1,"minecraft:torch":3,"minecraft:birch_fence_gate":1,"chococraft:gysahl_green_seeds":12,"minecraft:ink_sac":1,"iceandfire:armor_copper_metal_boots":1,"minecraft:stone_sword":1,"minecraft:rotten_flesh":5,"minecraft:stone_shovel":6,"biomesoplenty:yellow_maple_sapling":14,"minecraft:stone_axe":1,"vanillaplustools:stone_hammer":1,"minecraft:coal":41,"iceandfire:raw_silver":5,"minecraft:cobblestone":1279},"minecraft:dropped":{"minecraft:iron_ingot":83,"biomesoplenty:toadstool":2,"chococraft:loverly_gysahl_green":2,"chococraft:gold_gysahl":2,"biomesoplenty:yellow_maple_sapling":7,"minecraft:rotten_flesh":5,"chococraft:gysahl_green_seeds":5,"fishofthieves:earthworms":38,"minecraft:ink_sac":1,"chococraft:gysahl_green":19}},"DataVersion":3465}