{"stats":{"minecraft:broken":{"iceandfire:armor_copper_metal_leggings":1,"vanillaplustools:stone_hammer":1,"minecraft:stone_axe":2,"minecraft:iron_pickaxe":1,"minecraft:stone_shovel":5,"iceandfire:armor_copper_metal_boots":1,"iceandfire:armor_copper_metal_helmet":1},"minecraft:used":{"quark:birch_chest":6,"minecraft:stone_sword":106,"iceandfire:armor_copper_metal_leggings":2,"minecraft:stone_shovel":759,"minecraft:stone":2,"vanillaplustools:stone_hammer":131,"minecraft:torch":21,"biomesoplenty:yellow_maple_sapling":62,"iceandfire:armor_copper_metal_boots":1,"minecraft:dirt":123,"minecraft:hopper":8,"minecraft:carrot":144,"minecraft:stone_stairs":17,"biomesoplenty:orange_maple_sapling":1,"minecraft:glass":65,"totemic:flute":20,"minecraft:lava_bucket":1,"minecraft:iron_axe":21,"minecraft:stone_brick_stairs":54,"minecraft:stone_bricks":611,"minecraft:golden_carrot":1,"iceandfire:armor_copper_metal_helmet":1,"minecraft:potato":20,"minecraft:light_gray_bed":4,"minecraft:wheat_seeds":18,"minecraft:water_bucket":117,"minecraft:birch_planks":12,"minecraft:stone_pickaxe":52,"minecraft:baked_potato":14,"minecraft:oak_planks":1,"biomesoplenty:maple_planks":10,"minecraft:stonecutter":1,"minecraft:crafting_table":3,"alexscaves:cave_book":2,"minecraft:blast_furnace":1,"minecraft:birch_sign":10,"minecraft:white_bed":18,"minecraft:stone_brick_wall":85,"minecraft:black_bed":7,"iceandfire:armor_copper_metal_chestplate":1,"minecraft:birch_fence_gate":9,"chococraft:gysahl_green_seeds":11,"minecraft:iron_pickaxe":322,"minecraft:stone_slab":82,"minecraft:stone_axe":285,"minecraft:birch_log":1,"minecraft:cooked_porkchop":5,"minecraft:bucket":118,"chococraft:gysahl_green":64,"alexsmobs:animal_dictionary":1},"minecraft:custom":{"minecraft:interact_with_smithing_table":1,"minecraft:mob_kills":30,"minecraft:animals_bred":1,"minecraft:interact_with_crafting_table":33,"minecraft:bell_ring":5,"minecraft:leave_game":1,"minecraft:time_since_death":20771,"minecraft:climb_one_cm":188,"minecraft:sprint_one_cm":662971,"minecraft:walk_one_cm":928678,"minecraft:drop":144,"minecraft:talked_to_villager":7,"minecraft:play_time":347352,"minecraft:deaths":11,"minecraft:sneak_time":7214,"minecraft:walk_under_water_one_cm":94552,"minecraft:jump":4219,"minecraft:interact_with_blast_furnace":4,"minecraft:walk_on_water_one_cm":113793,"minecraft:total_world_time":347352,"minecraft:interact_with_furnace":54,"minecraft:time_since_rest":21131,"minecraft:damage_taken":8347,"minecraft:damage_dealt":3564,"minecraft:swim_one_cm":109453,"minecraft:fly_one_cm":965715,"minecraft:open_chest":110,"minecraft:crouch_one_cm":20330,"minecraft:interact_with_smoker":6,"minecraft:fall_one_cm":88820},"minecraft:killed":{"minecraft:spider":1,"minecraft:piglin":1,"minecraft:pig":21,"minecraft:sheep":4,"minecraft:zombie":2},"minecraft:crafted":{"minecraft:oak_planks":36,"minecraft:oak_sign":9,"minecraft:stone_brick_wall":36,"quark:birch_chest":10,"biomesoplenty:maple_planks":44,"minecraft:stone":71,"minecraft:bone_meal":12,"minecraft:stone_stairs":16,"minecraft:glass":0,"minecraft:hopper":4,"minecraft:birch_fence_gate":69,"minecraft:birch_sign":27,"minecraft:crafting_table":3,"biomesoplenty:redwood_planks":360,"minecraft:baked_potato":5,"minecraft:birch_planks":464,"minecraft:stone_axe":1,"minecraft:air":0,"minecraft:stone_brick_stairs":84,"minecraft:white_wool":3,"minecraft:charcoal":16,"minecraft:white_dye":12,"minecraft:stone_slab":12,"minecraft:stick":288,"quark:oak_chest":1,"minecraft:iron_ingot":0,"minecraft:iron_pickaxe":1,"minecraft:white_bed":8,"minecraft:torch":12},"minecraft:mined":{"minecraft:white_bed":4,"iceandfire:silver_ore":5,"minecraft:glow_lichen":1,"minecraft:birch_fence_gate":1,"gravestone:gravestone":9,"minecraft:granite":58,"minecraft:stone_brick_wall":16,"minecraft:grass_block":525,"minecraft:light_gray_bed":2,"biomesoplenty:yellow_maple_leaf_pile":2,"minecraft:hopper":4,"minecraft:carrots":42,"biomesoplenty:toadstool":2,"minecraft:iron_ore":25,"minecraft:fire":15,"chococraft:gysahl_green":11,"minecraft:potatoes":24,"minecraft:deepslate_iron_ore":1,"biomesoplenty:webbing":1,"minecraft:birch_wall_sign":1,"minecraft:stone":1339,"create:limestone":3,"biomesoplenty:maple_log":12,"minecraft:dandelion":1,"minecraft:crafting_table":1,"minecraft:torch":9,"minecraft:blast_furnace":1,"minecraft:stone_slab":10,"minecraft:glass":2,"minecraft:tall_grass":9,"minecraft:copper_ore":9,"minecraft:cobblestone":2,"minecraft:oak_planks":1,"minecraft:wall_torch":4,"minecraft:seagrass":2,"minecraft:stone_stairs":1,"minecraft:birch_planks":7,"biomesoplenty:red_maple_leaf_pile":1,"minecraft:birch_log":252,"minecraft:wheat":3,"minecraft:black_bed":3,"biomesoplenty:maple_planks":10,"minecraft:stone_brick_stairs":8,"minecraft:grass":60,"minecraft:coal_ore":41,"minecraft:gravel":19,"minecraft:dirt":466,"biomesoplenty:stringy_cobweb":1,"minecraft:cobweb":4,"minecraft:stonecutter":1,"minecraft:stone_bricks":22,"minecraft:fern":6},"minecraft:picked_up":{"minecraft:crafting_table":1,"chococraft:loverly_gysahl_green":2,"minecraft:wheat":3,"minecraft:stone_slab":91,"iceandfire:armor_copper_metal_chestplate":1,"minecraft:oak_stairs":3,"minecraft:stone_brick_wall":80,"minecraft:stone_brick_stairs":53,"gravestone:obituary":8,"minecraft:iron_axe":1,"minecraft:raw_copper":42,"minecraft:stone_stairs":1,"minecraft:string":5,"create:limestone":3,"biomesoplenty:maple_planks":10,"minecraft:iron_shovel":1,"minecraft:bucket":2,"minecraft:iron_pickaxe":1,"minecraft:sugar_cane":1,"minecraft:stick":33,"minecraft:raw_iron":26,"minecraft:stone":7,"iceandfire:armor_copper_metal_leggings":1,"minecraft:torch":15,"minecraft:porkchop":40,"biomesoplenty:orange_maple_sapling":1,"iceandfire:armor_copper_metal_boots":1,"minecraft:carrot":158,"minecraft:light_gray_bed":2,"quark:clear_shard":4,"minecraft:stone_sword":1,"minecraft:stone_shovel":7,"minecraft:rotten_flesh":11,"biomesoplenty:redwood_sapling":2,"minecraft:white_terracotta":2,"artifacts:panic_necklace":1,"minecraft:mutton":5,"minecraft:white_wool":19,"minecraft:cobblestone":1344,"minecraft:stripped_oak_log":1,"minecraft:birch_log":244,"minecraft:golden_carrot":2,"minecraft:water_bucket":1,"minecraft:black_bed":8,"totemic:flute":1,"minecraft:potato":79,"artifacts:anglers_hat":1,"minecraft:birch_planks":39,"minecraft:flint":5,"minecraft:oak_log":4,"minecraft:yellow_bed":2,"iceandfire:armor_copper_metal_helmet":1,"artifacts:flame_pendant":2,"minecraft:cobblestone_stairs":1,"minecraft:dirt":1077,"minecraft:glass":90,"chococraft:gysahl_green":93,"minecraft:stone_bricks":847,"chococraft:gold_gysahl":3,"minecraft:stonecutter":1,"minecraft:wheat_seeds":33,"biomesoplenty:maple_log":11,"minecraft:iron_ingot":71,"minecraft:stone_pickaxe":1,"artifacts:kitty_slippers":1,"fishofthieves:earthworms":52,"minecraft:oak_planks":2,"biomesoplenty:toadstool":2,"minecraft:cooked_porkchop":5,"minecraft:dandelion":4,"minecraft:gravel":24,"minecraft:birch_fence_gate":1,"chococraft:gysahl_green_seeds":17,"minecraft:blast_furnace":1,"minecraft:ink_sac":5,"minecraft:white_bed":6,"biomesoplenty:yellow_maple_sapling":72,"minecraft:stone_axe":2,"minecraft:granite":62,"vanillaplustools:stone_hammer":1,"minecraft:birch_sign":1,"minecraft:gray_wool":1,"minecraft:baked_potato":9,"minecraft:black_wool":2,"minecraft:coal":41,"iceandfire:raw_silver":5,"minecraft:hopper":4},"minecraft:killed_by":{"minecraft:player":1},"minecraft:dropped":{"minecraft:iron_ingot":83,"minecraft:wheat_seeds":15,"chococraft:loverly_gysahl_green":2,"chococraft:gold_gysahl":3,"iceandfire:armor_copper_metal_chestplate":1,"minecraft:cobblestone":708,"chococraft:gysahl_green_seeds":6,"minecraft:cobblestone_stairs":1,"minecraft:dirt":33,"quark:clear_shard":4,"minecraft:golden_carrot":1,"minecraft:ink_sac":3,"minecraft:oak_stairs":1,"gravestone:obituary":15,"minecraft:iron_pickaxe":1,"minecraft:bucket":1,"minecraft:dandelion":4,"biomesoplenty:toadstool":2,"minecraft:stone_axe":1,"minecraft:sugar_cane":1,"biomesoplenty:redwood_sapling":2,"minecraft:wheat":1,"biomesoplenty:yellow_maple_sapling":10,"minecraft:stone_shovel":2,"minecraft:rotten_flesh":10,"artifacts:flame_pendant":2,"minecraft:stone_slab":126,"minecraft:white_terracotta":2,"minecraft:carrot":1,"minecraft:shears":1,"minecraft:birch_fence_gate":61,"minecraft:stone":101,"fishofthieves:earthworms":52,"minecraft:stone_bricks":116,"totemic:flute":1,"minecraft:stone_brick_stairs":171,"chococraft:gysahl_green":29}},"DataVersion":3465}