{"stats":{"minecraft:picked_up":{"minecraft:firework_rocket":91,"minecraft:oak_door":1},"minecraft:custom":{"minecraft:time_since_rest":9585,"minecraft:open_chest":1,"minecraft:crouch_one_cm":395,"minecraft:sprint_one_cm":25457,"minecraft:interact_with_furnace":2,"minecraft:play_time":9585,"minecraft:damage_taken":10,"minecraft:walk_one_cm":14426,"minecraft:sneak_time":57,"minecraft:walk_under_water_one_cm":371,"minecraft:drop":39,"minecraft:aviate_one_cm":533468,"minecraft:jump":198,"minecraft:interact_with_grindstone":1,"minecraft:damage_dealt":225,"minecraft:leave_game":2,"minecraft:walk_on_water_one_cm":1174,"minecraft:time_since_death":9585,"minecraft:climb_one_cm":534,"minecraft:total_world_time":9585,"minecraft:swim_one_cm":4195,"minecraft:fall_one_cm":2531,"minecraft:fly_one_cm":139931},"minecraft:dropped":{"minecraft:elytra":1,"minecraft:firework_rocket":155},"minecraft:used":{"minecraft:oak_door":4,"minecraft:firework_rocket":195,"minecraft:elytra":1}},"DataVersion":3465}