{"stats":{"minecraft:broken":{"minecraft:stone_pickaxe":2,"minecraft:stone_axe":1,"minecraft:iron_pickaxe":1,"minecraft:golden_pickaxe":1,"minecraft:stone_shovel":1},"minecraft:custom":{"minecraft:mob_kills":23,"minecraft:interact_with_crafting_table":48,"minecraft:open_barrel":2,"minecraft:leave_game":4,"minecraft:time_since_death":50440,"minecraft:sprint_one_cm":501495,"minecraft:walk_one_cm":613746,"minecraft:damage_blocked_by_shield":420,"minecraft:drop":58,"minecraft:talked_to_villager":4,"minecraft:play_time":241718,"minecraft:sneak_time":13989,"minecraft:deaths":2,"minecraft:walk_under_water_one_cm":26855,"minecraft:jump":4220,"minecraft:walk_on_water_one_cm":21272,"minecraft:total_world_time":241718,"minecraft:interact_with_furnace":60,"minecraft:interact_with_cartography_table":1,"minecraft:sleep_in_bed":12,"minecraft:time_since_rest":4755,"minecraft:damage_taken":2267,"minecraft:damage_dealt":4478,"minecraft:swim_one_cm":77937,"minecraft:fly_one_cm":1019264,"minecraft:open_chest":156,"minecraft:crouch_one_cm":42633,"minecraft:fall_one_cm":90788},"minecraft:used":{"minecraft:stone_sword":28,"minecraft:iron_shovel":223,"minecraft:carved_pumpkin":2,"minecraft:stone_shovel":131,"minecraft:chest":20,"minecraft:shield":7,"minecraft:iron_sword":55,"minecraft:stone_hoe":80,"productivebees:birch_wood_nest":1,"minecraft:torch":12,"biomesoplenty:yellow_maple_sapling":14,"minecraft:dirt":192,"minecraft:carrot":71,"minecraft:acacia_sapling":2,"minecraft:granite":1,"minecraft:glass":180,"biomesoplenty:orange_sand":5,"minecraft:birch_trapdoor":5,"minecraft:furnace":4,"minecraft:cooked_cod":2,"comforts:sleeping_bag_white":7,"minecraft:cooked_beef":8,"minecraft:cobbled_deepslate":6,"minecraft:pumpkin":2,"minecraft:water_bucket":17,"minecraft:birch_planks":122,"minecraft:stone_pickaxe":291,"minecraft:wooden_pickaxe":46,"minecraft:composter":5,"minecraft:sugar_cane":71,"minecraft:green_bed":1,"minecraft:crafting_table":15,"minecraft:birch_sign":4,"minecraft:shears":2,"minecraft:birch_fence":34,"minecraft:birch_fence_gate":2,"chococraft:gysahl_green_seeds":1,"minecraft:bread":4,"minecraft:iron_pickaxe":250,"alexsmobs:kangaroo_meat":1,"minecraft:gravel":1,"minecraft:stone_axe":193,"minecraft:cobblestone":36,"minecraft:andesite":9,"minecraft:bucket":18,"chococraft:gysahl_green":124,"minecraft:yellow_bed":3,"alexsmobs:animal_dictionary":7,"minecraft:golden_pickaxe":32,"minecraft:bone_meal":6},"minecraft:killed":{"minecraft:spider":2,"minecraft:skeleton":3,"artifacts:mimic":2,"minecraft:pig":1,"minecraft:creeper":1,"alexsmobs:emu":1,"minecraft:sheep":2,"minecraft:zombie":5,"alexsmobs:gazelle":2,"alexsmobs:crow":4},"minecraft:crafted":{"minecraft:oak_planks":20,"minecraft:stone_shovel":2,"quark:birch_chest":18,"biomesoplenty:mahogany_planks":88,"comforts:sleeping_bag_white":1,"minecraft:furnace":1,"minecraft:bone_meal":6,"minecraft:glass":34,"minecraft:iron_axe":1,"minecraft:birch_fence_gate":2,"minecraft:stone_pickaxe":4,"minecraft:chest":20,"minecraft:stone_hoe":2,"minecraft:birch_sign":3,"minecraft:cooked_beef":0,"biomesoplenty:dead_planks":12,"minecraft:crafting_table":8,"minecraft:wooden_pickaxe":1,"minecraft:iron_sword":1,"minecraft:copper_ingot":128,"minecraft:bucket":1,"minecraft:birch_planks":388,"minecraft:stone_axe":3,"minecraft:air":0,"minecraft:shield":2,"minecraft:birch_fence":42,"minecraft:stick":72,"quark:oak_chest":2,"minecraft:iron_ingot":80,"minecraft:birch_trapdoor":6,"minecraft:stone_sword":3,"minecraft:iron_shovel":1,"minecraft:acacia_planks":44,"minecraft:torch":8,"minecraft:shears":1},"minecraft:picked_up":{"minecraft:crafting_table":7,"chococraft:loverly_gysahl_green":10,"minecraft:golden_pickaxe":1,"iceandfire:armor_copper_metal_chestplate":1,"minecraft:gold_block":2,"gravestone:obituary":1,"minecraft:shield":1,"productivebees:birch_wood_nest":1,"iceandfire:armor_silver_metal_chestplate":1,"minecraft:string":3,"minecraft:raw_copper":3,"minecraft:birch_fence":12,"minecraft:oak_sign":1,"minecraft:beetroot":2,"alexsmobs:emu_feather":1,"minecraft:cartography_table":1,"minecraft:cobbled_deepslate":6,"comforts:sleeping_bag_white":7,"artifacts:aqua_dashers":1,"minecraft:beef":3,"minecraft:redstone_torch":1,"minecraft:iron_pickaxe":1,"minecraft:sugar_cane":84,"minecraft:furnace":3,"minecraft:stick":16,"minecraft:raw_iron":124,"minecraft:copper_ingot":6,"minecraft:composter":5,"iceandfire:armor_copper_metal_leggings":1,"minecraft:acacia_log":11,"minecraft:torch":5,"minecraft:green_bed":1,"minecraft:porkchop":3,"minecraft:diorite":41,"iceandfire:armor_copper_metal_boots":1,"minecraft:carrot":72,"minecraft:arrow":2,"minecraft:cactus":1,"quark:clear_shard":87,"artifacts:lucky_scarf":1,"minecraft:rotten_flesh":5,"minecraft:cooked_cod":6,"minecraft:beetroot_seeds":12,"biomesoplenty:mahogany_sapling":1,"biomesoplenty:orange_sandstone":23,"iceandfire:crackled_grass":2,"minecraft:carved_pumpkin":2,"create:veridium":3,"minecraft:mutton":8,"biomesoplenty:orange_sand":5,"alexsmobs:kangaroo_meat":1,"minecraft:white_wool":4,"minecraft:cobblestone":305,"minecraft:birch_log":97,"minecraft:andesite":20,"minecraft:leather":3,"biomesoplenty:dead_log":3,"minecraft:birch_planks":2,"exposure:aged_photograph":2,"fishofthieves:grubs":16,"create:raw_zinc":61,"minecraft:oak_log":5,"minecraft:yellow_bed":3,"minecraft:gunpowder":2,"iceandfire:armor_copper_metal_helmet":1,"minecraft:dirt":131,"minecraft:bone":2,"chococraft:gysahl_green":205,"chococraft:gold_gysahl":4,"minecraft:wheat_seeds":19,"fishofthieves:earthworms":4,"minecraft:acacia_sapling":4,"iceandfire:copper_nugget":4,"minecraft:cooked_porkchop":7,"minecraft:pumpkin":2,"minecraft:gravel":3,"minecraft:sand":219,"chococraft:gysahl_green_seeds":7,"alexsmobs:animal_dictionary":1,"biomesoplenty:mahogany_log":22,"minecraft:pumpkin_seeds":8,"biomesoplenty:yellow_maple_sapling":14,"minecraft:granite":1,"minecraft:birch_sign":4,"minecraft:oak_sapling":1,"minecraft:coal":108,"iceandfire:raw_silver":4},"minecraft:mined":{"create:zinc_ore":56,"iceandfire:silver_ore":4,"productivebees:birch_wood_nest":1,"minecraft:carved_pumpkin":2,"gravestone:gravestone":2,"minecraft:granite":1,"minecraft:acacia_log":11,"minecraft:grass_block":69,"biomesoplenty:orange_sandstone":23,"minecraft:composter":5,"minecraft:cartography_table":1,"biomesoplenty:dune_grass":39,"minecraft:furnace":3,"diagonalfences:minecraft/birch_fence":12,"minecraft:iron_ore":90,"minecraft:cobbled_deepslate":3,"iceandfire:crackled_grass":2,"minecraft:andesite":20,"minecraft:gold_block":2,"chococraft:gysahl_green":5,"minecraft:oak_sign":1,"minecraft:birch_wall_sign":3,"minecraft:stone":281,"create:veridium":3,"minecraft:green_bed":1,"minecraft:acacia_leaves":5,"biomesoplenty:orange_sand":5,"minecraft:crafting_table":7,"minecraft:torch":1,"minecraft:glass":29,"minecraft:tall_grass":20,"minecraft:cobblestone":25,"minecraft:sugar_cane":37,"minecraft:diorite":41,"minecraft:wall_torch":1,"minecraft:birch_planks":2,"minecraft:cactus":1,"biomesoplenty:mahogany_log":26,"minecraft:birch_log":103,"minecraft:redstone_torch":1,"minecraft:wheat":11,"minecraft:yellow_bed":3,"minecraft:grass":25,"biomesoplenty:dead_log":3,"minecraft:oak_log":5,"minecraft:coal_ore":64,"minecraft:beetroots":3,"minecraft:gravel":6,"minecraft:dirt":60,"minecraft:sand":219,"biomesoplenty:orange_maple_leaf_pile":1,"minecraft:birch_sign":1,"minecraft:oak_leaves":1,"minecraft:deepslate":3},"minecraft:killed_by":{"minecraft:player":1},"minecraft:dropped":{"minecraft:wheat_seeds":15,"minecraft:golden_pickaxe":1,"chococraft:gysahl_green_seeds":1,"minecraft:copper_ingot":8,"minecraft:stick":12,"minecraft:dirt":1,"minecraft:torch":1,"gravestone:obituary":3,"iceandfire:crackled_grass":2,"fishofthieves:grubs":16,"minecraft:gravel":1,"minecraft:stone_axe":1,"alexsmobs:animal_dictionary":1,"minecraft:stone_sword":3,"minecraft:stone_shovel":1,"minecraft:beetroot":2,"minecraft:rotten_flesh":5,"minecraft:shield":2,"fishofthieves:earthworms":3,"minecraft:andesite":4,"minecraft:beetroot_seeds":10,"minecraft:arrow":2,"minecraft:stone_pickaxe":1,"minecraft:wooden_pickaxe":1,"chococraft:gysahl_green":7,"exposure:aged_photograph":3}},"DataVersion":3465}