{"stats":{"minecraft:mined":{"minecraft:grass_block":2},"minecraft:picked_up":{"minecraft:flint_and_steel":1,"minecraft:firework_rocket":651,"minecraft:kelp":2,"minecraft:obsidian":64,"minecraft:dirt":2},"minecraft:custom":{"minecraft:time_since_rest":9841,"minecraft:crouch_one_cm":513,"minecraft:play_time":9841,"minecraft:sprint_one_cm":7848,"minecraft:walk_one_cm":7617,"minecraft:sneak_time":200,"minecraft:walk_under_water_one_cm":13163,"minecraft:drop":23,"minecraft:aviate_one_cm":868213,"minecraft:jump":77,"minecraft:leave_game":1,"minecraft:time_since_death":9841,"minecraft:walk_on_water_one_cm":617,"minecraft:total_world_time":9841,"minecraft:swim_one_cm":9299,"minecraft:fall_one_cm":209,"minecraft:fly_one_cm":182987},"minecraft:used":{"minecraft:firework_rocket":632,"minecraft:flint_and_steel":2,"minecraft:elytra":1,"minecraft:stone":2,"minecraft:obsidian":27},"minecraft:dropped":{"minecraft:flint_and_steel":1,"minecraft:obsidian":64,"minecraft:firework_rocket":651}},"DataVersion":3465}