{"stats":{"minecraft:crafted":{"minecraft:oak_planks":20,"minecraft:crafting_table":1,"minecraft:stick":12},"minecraft:custom":{"minecraft:open_barrel":6,"minecraft:time_since_rest":9343,"minecraft:interact_with_smithing_table":1,"minecraft:crouch_one_cm":53,"minecraft:play_time":9343,"minecraft:sprint_one_cm":25400,"minecraft:damage_taken":50,"minecraft:walk_one_cm":10953,"minecraft:sneak_time":448,"minecraft:mob_kills":47,"minecraft:drop":3,"minecraft:jump":181,"minecraft:damage_dealt":60,"minecraft:leave_game":1,"minecraft:time_since_death":9343,"minecraft:total_world_time":9343,"minecraft:fall_one_cm":3527,"minecraft:fly_one_cm":173984,"minecraft:open_chest":3},"minecraft:mined":{"minecraft:oak_log":5,"minecraft:oak_leaves":1},"minecraft:used":{"minecraft:polished_andesite_slab":13,"minecraft:flint_and_steel":6,"minecraft:tnt":175},"minecraft:killed":{"minecraft:skeleton":1,"minecraft:silverfish":43},"minecraft:picked_up":{"minecraft:oak_log":5,"minecraft:polished_andesite_slab":1},"minecraft:dropped":{"minecraft:potato":3,"minecraft:polished_andesite_slab":1,"minecraft:torch":3}},"DataVersion":3465}