{"stats":{"minecraft:picked_up":{"minecraft:birch_log":65,"chococraft:loverly_gysahl_green":10,"minecraft:crafting_table":4,"minecraft:andesite":4,"minecraft:golden_pickaxe":1,"minecraft:leather":3,"biomesoplenty:dead_log":3,"minecraft:gold_block":2,"minecraft:oak_log":5,"gravestone:obituary":1,"productivebees:birch_wood_nest":1,"minecraft:dirt":61,"minecraft:string":1,"minecraft:raw_copper":3,"minecraft:birch_fence":12,"chococraft:gysahl_green":205,"chococraft:gold_gysahl":4,"minecraft:wheat_seeds":5,"alexsmobs:emu_feather":1,"comforts:sleeping_bag_white":3,"minecraft:beef":3,"fishofthieves:earthworms":1,"minecraft:iron_pickaxe":1,"minecraft:sugar_cane":6,"minecraft:acacia_sapling":4,"minecraft:stick":16,"iceandfire:copper_nugget":4,"minecraft:copper_ingot":6,"minecraft:acacia_log":11,"minecraft:gravel":1,"minecraft:porkchop":3,"chococraft:gysahl_green_seeds":6,"alexsmobs:animal_dictionary":1,"biomesoplenty:mahogany_log":22,"minecraft:cactus":1,"minecraft:rotten_flesh":2,"biomesoplenty:yellow_maple_sapling":10,"biomesoplenty:mahogany_sapling":1,"biomesoplenty:orange_sandstone":23,"iceandfire:crackled_grass":2,"minecraft:oak_sapling":1,"minecraft:coal":16,"minecraft:mutton":8,"biomesoplenty:orange_sand":5,"minecraft:white_wool":4,"alexsmobs:kangaroo_meat":1,"iceandfire:raw_silver":1,"minecraft:cobblestone":55},"minecraft:dropped":{"minecraft:stone_axe":1,"minecraft:wheat_seeds":5,"minecraft:stone_sword":2,"alexsmobs:animal_dictionary":1,"minecraft:golden_pickaxe":1,"minecraft:stone_shovel":1,"minecraft:rotten_flesh":2,"minecraft:copper_ingot":6,"minecraft:stick":12,"minecraft:dirt":1,"minecraft:andesite":4,"gravestone:obituary":2,"iceandfire:crackled_grass":2,"minecraft:wooden_pickaxe":1,"minecraft:stone_pickaxe":1,"chococraft:gysahl_green":7},"minecraft:used":{"minecraft:stone_sword":28,"minecraft:stone_pickaxe":52,"minecraft:stone_shovel":64,"minecraft:chest":20,"minecraft:wooden_pickaxe":46,"minecraft:sugar_cane":6,"productivebees:birch_wood_nest":1,"biomesoplenty:yellow_maple_sapling":10,"minecraft:dirt":26,"minecraft:crafting_table":10,"minecraft:acacia_sapling":2,"minecraft:birch_fence":34,"minecraft:birch_fence_gate":2,"chococraft:gysahl_green_seeds":1,"minecraft:iron_pickaxe":2,"alexsmobs:kangaroo_meat":1,"biomesoplenty:orange_sand":5,"minecraft:stone_axe":138,"chococraft:gysahl_green":77,"alexsmobs:animal_dictionary":6,"comforts:sleeping_bag_white":3},"minecraft:broken":{"minecraft:stone_axe":1},"minecraft:mined":{"minecraft:acacia_leaves":5,"iceandfire:silver_ore":1,"biomesoplenty:orange_sand":5,"productivebees:birch_wood_nest":1,"minecraft:crafting_table":4,"gravestone:gravestone":1,"minecraft:acacia_log":11,"minecraft:grass_block":30,"minecraft:tall_grass":20,"biomesoplenty:orange_sandstone":23,"minecraft:sugar_cane":3,"biomesoplenty:dune_grass":39,"minecraft:cactus":1,"diagonalfences:minecraft/birch_fence":12,"biomesoplenty:mahogany_log":26,"minecraft:birch_log":68,"iceandfire:crackled_grass":2,"minecraft:andesite":4,"minecraft:gold_block":2,"minecraft:coal_ore":16,"minecraft:grass":23,"biomesoplenty:dead_log":3,"chococraft:gysahl_green":5,"minecraft:oak_log":5,"minecraft:gravel":3,"minecraft:dirt":29,"minecraft:stone":54,"minecraft:oak_leaves":1},"minecraft:custom":{"minecraft:interact_with_furnace":7,"minecraft:mob_kills":10,"minecraft:interact_with_crafting_table":22,"minecraft:leave_game":3,"minecraft:time_since_death":87966,"minecraft:sleep_in_bed":3,"minecraft:time_since_rest":11483,"minecraft:sprint_one_cm":169281,"minecraft:damage_taken":1064,"minecraft:walk_one_cm":279717,"minecraft:drop":30,"minecraft:damage_dealt":1545,"minecraft:swim_one_cm":48915,"minecraft:talked_to_villager":1,"minecraft:fly_one_cm":317213,"minecraft:open_chest":28,"minecraft:crouch_one_cm":9720,"minecraft:play_time":103156,"minecraft:deaths":1,"minecraft:sneak_time":3990,"minecraft:walk_under_water_one_cm":5099,"minecraft:jump":1488,"minecraft:walk_on_water_one_cm":3541,"minecraft:total_world_time":103156,"minecraft:fall_one_cm":36828},"minecraft:killed_by":{"minecraft:player":1},"minecraft:killed":{"minecraft:pig":1,"minecraft:spider":1,"alexsmobs:emu":1,"minecraft:sheep":2,"minecraft:skeleton":1,"minecraft:zombie":2,"alexsmobs:gazelle":2},"minecraft:crafted":{"minecraft:cooked_beef":0,"biomesoplenty:dead_planks":12,"minecraft:oak_planks":20,"minecraft:stone_shovel":2,"quark:birch_chest":18,"minecraft:crafting_table":6,"biomesoplenty:mahogany_planks":88,"comforts:sleeping_bag_white":1,"minecraft:wooden_pickaxe":1,"minecraft:birch_planks":260,"minecraft:stone_axe":2,"minecraft:air":0,"minecraft:birch_fence":42,"minecraft:birch_fence_gate":2,"minecraft:stick":56,"quark:oak_chest":2,"minecraft:stone_pickaxe":2,"minecraft:stone_sword":3,"minecraft:chest":20,"minecraft:acacia_planks":44}},"DataVersion":3465}