{"stats":{"minecraft:used":{"minecraft:iron_chestplate":1,"minecraft:torch":21,"minecraft:dirt":2,"simplyswords:iron_katana":101,"minecraft:carrot":11,"minecraft:acacia_sapling":3,"minecraft:tuff":3,"minecraft:snowball":10,"minecraft:iron_axe":44,"biomesoplenty:redwood_wood":1,"minecraft:iron_helmet":1,"minecraft:iron_boots":1,"biomesoplenty:mahogany_sapling":1,"minecraft:golden_carrot":18,"comforts:sleeping_bag_white":2,"minecraft:egg":1,"minecraft:acacia_planks":10,"minecraft:iron_leggings":2,"minecraft:water_bucket":4,"biomesoplenty:redwood_sapling":5,"iceandfire:podium_spruce":1,"minecraft:mossy_cobblestone":4,"minecraft:sand":21,"simplyswords:iron_twinblade":99,"minecraft:diamond_pickaxe":152,"iceandfire:armor_copper_metal_chestplate":1,"minecraft:iron_pickaxe":60,"minecraft:tnt_minecart":1,"biomesoplenty:thermal_calcite_vent":1,"minecraft:cobblestone":22,"minecraft:cooked_porkchop":8,"minecraft:bucket":4,"minecraft:andesite":4,"chococraft:gysahl_green":36,"alexsmobs:animal_dictionary":1,"minecraft:bone_meal":126},"minecraft:custom":{"minecraft:interact_with_smithing_table":2,"minecraft:mob_kills":47,"minecraft:animals_bred":2,"minecraft:interact_with_crafting_table":10,"minecraft:open_barrel":26,"minecraft:leave_game":1,"minecraft:time_since_death":73915,"minecraft:sprint_one_cm":369987,"minecraft:walk_one_cm":176940,"minecraft:drop":169,"minecraft:play_time":89987,"minecraft:deaths":1,"minecraft:sneak_time":447,"minecraft:walk_under_water_one_cm":14264,"minecraft:jump":2549,"minecraft:total_world_time":89987,"minecraft:interact_with_blast_furnace":1,"minecraft:walk_on_water_one_cm":25300,"minecraft:interact_with_furnace":29,"minecraft:sleep_in_bed":4,"minecraft:time_since_rest":19664,"minecraft:damage_taken":2425,"minecraft:trigger_trapped_chest":1,"minecraft:damage_dealt":11334,"minecraft:swim_one_cm":97164,"minecraft:fly_one_cm":657322,"minecraft:open_chest":114,"minecraft:crouch_one_cm":261,"minecraft:fall_one_cm":64897},"minecraft:killed":{"minecraft:cave_spider":1,"minecraft:spider":4,"alexsmobs:shoebill":1,"iceandfire:stymphalian_bird":4,"minecraft:skeleton":4,"artifacts:mimic":8,"minecraft:pig":1,"minecraft:creeper":3,"minecraft:zombie":19},"minecraft:mined":{"minecraft:tuff":18,"minecraft:mossy_cobblestone":4,"minecraft:granite":6,"gravestone:gravestone":1,"minecraft:grass_block":3,"productivebees:slimy_nest":1,"minecraft:iron_ore":23,"minecraft:snow":1,"minecraft:andesite":27,"iceandfire:gold_pile":5,"minecraft:vine":2,"minecraft:stone":67,"minecraft:bamboo":4,"iceandfire:podium_spruce":1,"minecraft:bone_block":13,"create:limestone":2,"minecraft:snow_block":1,"minecraft:torch":14,"iceandfire:ghost_chest":1,"minecraft:cobblestone":7,"minecraft:lapis_ore":2,"minecraft:oak_planks":2,"minecraft:wall_torch":4,"biomesoplenty:dead_branch":1,"minecraft:redstone_torch":1,"biomesoplenty:thermal_calcite_vent":1,"minecraft:wheat":10,"minecraft:ice":1,"biomesoplenty:umbran_log":16,"minecraft:coal_ore":1,"minecraft:sand":21,"minecraft:dirt":6,"minecraft:chipped_anvil":1,"minecraft:deepslate":11},"minecraft:picked_up":{"minecraft:wheat":7,"productivebees:slimy_nest":1,"minecraft:enchanted_book":2,"gravestone:obituary":1,"iceandfire:manuscript":5,"create:limestone":2,"minecraft:tnt_minecart":2,"iceandfire:graveyard_soil":4,"iceandfire:bestiary":1,"minecraft:gold_nugget":42,"minecraft:cobbled_deepslate":75,"comforts:sleeping_bag_white":2,"minecraft:redstone_torch":1,"minecraft:iron_pickaxe":1,"biomesoplenty:redwood_wood":1,"minecraft:egg":1,"minecraft:furnace":1,"minecraft:stick":4,"minecraft:raw_iron":23,"iceandfire:ghost_chest":2,"minecraft:copper_ingot":6,"minecraft:torch":18,"minecraft:porkchop":4,"minecraft:carrot":138,"artifacts:snorkel":1,"minecraft:arrow":2,"minecraft:rotten_flesh":34,"biomesoplenty:thermal_calcite_vent":1,"artifacts:running_shoes":1,"minecraft:gold_ingot":2,"biomesoplenty:redwood_sapling":2,"artifacts:panic_necklace":1,"minecraft:snowball":15,"minecraft:bone_block":13,"minecraft:cobblestone":93,"minecraft:feather":1,"artifacts:digging_claws":1,"minecraft:andesite":27,"artifacts:onion_ring":1,"artifacts:anglers_hat":1,"fishofthieves:grubs":2,"minecraft:tuff":17,"iceandfire:ectoplasm":2,"artifacts:flame_pendant":1,"minecraft:lapis_lazuli":14,"minecraft:dirt":8,"minecraft:paper":11,"minecraft:chipped_anvil":1,"minecraft:bone":16,"minecraft:wheat_seeds":22,"minecraft:raw_gold":8,"minecraft:iron_ingot":8,"minecraft:cobweb":3,"artifacts:kitty_slippers":1,"minecraft:bamboo":9,"minecraft:oak_planks":2,"biomesoplenty:umbran_log":16,"iceandfire:copper_nugget":3,"iceandfire:podium_spruce":1,"minecraft:sand":21,"iceandfire:stymphalian_bird_feather":12,"minecraft:trapped_chest":2,"minecraft:spider_eye":5,"minecraft:mossy_cobblestone":4,"artifacts:helium_flamingo":1,"minecraft:granite":6,"minecraft:coal":1},"minecraft:crafted":{"minecraft:golden_carrot":124,"simplyswords:iron_twinblade":1,"minecraft:bone_meal":126,"iceandfire:silver_ingot":0,"minecraft:cooked_porkchop":0,"minecraft:air":0,"minecraft:gold_nugget":999,"minecraft:torch":4},"minecraft:dropped":{"minecraft:enchanted_book":1,"minecraft:porkchop":4,"iceandfire:armor_copper_metal_chestplate":1,"minecraft:feather":1,"minecraft:cobblestone":19,"iceandfire:ectoplasm":2,"minecraft:copper_ingot":6,"artifacts:anglers_hat":1,"iceandfire:graveyard_soil":4,"minecraft:cobweb":3,"minecraft:golden_carrot":31,"iceandfire:copper_nugget":3,"minecraft:tnt_minecart":1,"minecraft:snowball":5,"gravestone:obituary":2,"minecraft:iron_pickaxe":1,"minecraft:paper":11,"minecraft:trapped_chest":2,"artifacts:cowboy_hat":1,"minecraft:gold_ingot":2,"iceandfire:stymphalian_bird_feather":12,"minecraft:furnace":1,"artifacts:kitty_slippers":1,"alexsmobs:animal_dictionary":1,"simplyswords:iron_katana":1,"minecraft:cobbled_deepslate":64,"minecraft:rotten_flesh":20,"iceandfire:ghost_chest":2,"iceandfire:bestiary":1,"create:limestone":2,"minecraft:spider_eye":5,"iceandfire:manuscript":5}},"DataVersion":3465}