{"stats":{"minecraft:used":{"minecraft:water_bucket":3,"biomesoplenty:redwood_sapling":5,"minecraft:iron_chestplate":1,"minecraft:torch":18,"iceandfire:podium_spruce":1,"minecraft:mossy_cobblestone":4,"minecraft:dirt":2,"minecraft:sand":21,"simplyswords:iron_katana":101,"simplyswords:iron_twinblade":40,"minecraft:carrot":11,"minecraft:acacia_sapling":3,"minecraft:snowball":10,"minecraft:diamond_pickaxe":18,"iceandfire:armor_copper_metal_chestplate":1,"biomesoplenty:redwood_wood":1,"minecraft:iron_axe":29,"minecraft:iron_pickaxe":60,"minecraft:iron_helmet":1,"minecraft:iron_boots":1,"biomesoplenty:thermal_calcite_vent":1,"biomesoplenty:mahogany_sapling":1,"minecraft:golden_carrot":11,"minecraft:cobblestone":22,"minecraft:cooked_porkchop":8,"minecraft:andesite":4,"minecraft:bucket":3,"chococraft:gysahl_green":36,"alexsmobs:animal_dictionary":1,"minecraft:egg":1,"comforts:sleeping_bag_white":2,"minecraft:acacia_planks":10,"minecraft:bone_meal":126,"minecraft:iron_leggings":1},"minecraft:custom":{"minecraft:interact_with_smithing_table":2,"minecraft:interact_with_furnace":28,"minecraft:mob_kills":33,"minecraft:animals_bred":2,"minecraft:interact_with_crafting_table":10,"minecraft:open_barrel":20,"minecraft:leave_game":1,"minecraft:time_since_death":61915,"minecraft:sleep_in_bed":4,"minecraft:time_since_rest":7664,"minecraft:sprint_one_cm":332891,"minecraft:damage_taken":1767,"minecraft:walk_one_cm":134051,"minecraft:trigger_trapped_chest":1,"minecraft:drop":166,"minecraft:damage_dealt":7064,"minecraft:swim_one_cm":96133,"minecraft:fly_one_cm":637502,"minecraft:open_chest":112,"minecraft:crouch_one_cm":173,"minecraft:play_time":77987,"minecraft:deaths":1,"minecraft:sneak_time":281,"minecraft:walk_under_water_one_cm":12692,"minecraft:jump":2341,"minecraft:interact_with_blast_furnace":1,"minecraft:walk_on_water_one_cm":25293,"minecraft:total_world_time":77987,"minecraft:fall_one_cm":60678},"minecraft:killed":{"minecraft:cave_spider":1,"minecraft:pig":1,"minecraft:spider":3,"alexsmobs:shoebill":1,"iceandfire:stymphalian_bird":4,"minecraft:skeleton":2,"minecraft:zombie":15,"artifacts:mimic":4},"minecraft:mined":{"minecraft:mossy_cobblestone":4,"minecraft:snow_block":1,"minecraft:torch":13,"gravestone:gravestone":1,"minecraft:grass_block":3,"iceandfire:ghost_chest":1,"productivebees:slimy_nest":1,"minecraft:cobblestone":7,"minecraft:wall_torch":2,"biomesoplenty:dead_branch":1,"minecraft:snow":1,"biomesoplenty:thermal_calcite_vent":1,"minecraft:ice":1,"minecraft:redstone_torch":1,"minecraft:iron_ore":6,"minecraft:wheat":10,"minecraft:andesite":6,"biomesoplenty:umbran_log":16,"minecraft:coal_ore":1,"minecraft:vine":2,"iceandfire:gold_pile":5,"minecraft:sand":21,"minecraft:bamboo":4,"minecraft:stone":15,"iceandfire:podium_spruce":1,"minecraft:bone_block":13},"minecraft:picked_up":{"minecraft:wheat":7,"minecraft:feather":1,"productivebees:slimy_nest":1,"artifacts:digging_claws":1,"minecraft:andesite":6,"minecraft:enchanted_book":2,"artifacts:anglers_hat":1,"fishofthieves:grubs":2,"gravestone:obituary":1,"iceandfire:ectoplasm":2,"minecraft:paper":11,"iceandfire:manuscript":5,"minecraft:dirt":2,"minecraft:bone":13,"minecraft:cobbled_deepslate":64,"iceandfire:graveyard_soil":4,"iceandfire:bestiary":1,"minecraft:wheat_seeds":22,"minecraft:gold_nugget":42,"minecraft:raw_gold":8,"comforts:sleeping_bag_white":2,"minecraft:iron_ingot":8,"minecraft:cobweb":3,"minecraft:redstone_torch":1,"artifacts:kitty_slippers":1,"minecraft:iron_pickaxe":1,"minecraft:bamboo":9,"biomesoplenty:redwood_wood":1,"biomesoplenty:umbran_log":16,"minecraft:furnace":1,"minecraft:egg":1,"minecraft:raw_iron":6,"minecraft:stick":4,"iceandfire:copper_nugget":3,"iceandfire:ghost_chest":2,"iceandfire:podium_spruce":1,"minecraft:porkchop":4,"minecraft:copper_ingot":6,"minecraft:torch":15,"minecraft:sand":21,"iceandfire:stymphalian_bird_feather":12,"minecraft:carrot":138,"minecraft:trapped_chest":2,"minecraft:spider_eye":5,"minecraft:mossy_cobblestone":4,"artifacts:snorkel":1,"biomesoplenty:thermal_calcite_vent":1,"minecraft:rotten_flesh":33,"artifacts:panic_necklace":1,"minecraft:gold_ingot":2,"biomesoplenty:redwood_sapling":2,"minecraft:snowball":15,"minecraft:coal":1,"minecraft:bone_block":13,"minecraft:cobblestone":41},"minecraft:crafted":{"minecraft:golden_carrot":124,"minecraft:cooked_porkchop":0,"iceandfire:silver_ingot":0,"simplyswords:iron_twinblade":1,"minecraft:bone_meal":126,"minecraft:air":0,"minecraft:gold_nugget":999,"minecraft:torch":4},"minecraft:dropped":{"minecraft:enchanted_book":1,"iceandfire:stymphalian_bird_feather":12,"minecraft:furnace":1,"minecraft:porkchop":4,"minecraft:cobbled_deepslate":64,"artifacts:kitty_slippers":1,"simplyswords:iron_katana":1,"alexsmobs:animal_dictionary":1,"iceandfire:armor_copper_metal_chestplate":1,"minecraft:feather":1,"minecraft:cobblestone":19,"minecraft:rotten_flesh":20,"iceandfire:ectoplasm":2,"minecraft:copper_ingot":6,"artifacts:anglers_hat":1,"iceandfire:graveyard_soil":4,"minecraft:cobweb":3,"iceandfire:ghost_chest":2,"iceandfire:copper_nugget":3,"minecraft:golden_carrot":31,"minecraft:snowball":5,"iceandfire:bestiary":1,"gravestone:obituary":2,"minecraft:spider_eye":5,"minecraft:iron_pickaxe":1,"minecraft:paper":11,"minecraft:trapped_chest":2,"iceandfire:manuscript":5,"minecraft:gold_ingot":2,"artifacts:cowboy_hat":1}},"DataVersion":3465}