{"stats":{"minecraft:used":{"quark:shale":5,"minecraft:iron_chestplate":1,"minecraft:torch":32,"minecraft:dirt":2,"simplyswords:iron_katana":101,"minecraft:carrot":11,"minecraft:acacia_sapling":3,"minecraft:tuff":10,"minecraft:snowball":10,"minecraft:iron_axe":55,"biomesoplenty:redwood_wood":1,"minecraft:iron_helmet":1,"minecraft:iron_boots":2,"biomesoplenty:mahogany_sapling":1,"minecraft:golden_carrot":29,"comforts:sleeping_bag_white":2,"minecraft:egg":1,"minecraft:cobbled_deepslate":34,"minecraft:acacia_planks":10,"minecraft:iron_leggings":2,"minecraft:water_bucket":4,"biomesoplenty:redwood_sapling":5,"iceandfire:podium_spruce":1,"minecraft:mossy_cobblestone":4,"minecraft:sand":21,"simplyswords:iron_twinblade":131,"biomesoplenty:umbran_planks":47,"minecraft:diamond_pickaxe":238,"iceandfire:armor_copper_metal_chestplate":1,"minecraft:iron_pickaxe":169,"minecraft:tnt_minecart":1,"biomesoplenty:thermal_calcite_vent":1,"minecraft:cobblestone":68,"travelersbackpack:standard":5,"minecraft:cooked_porkchop":8,"minecraft:bucket":4,"minecraft:andesite":25,"chococraft:gysahl_green":63,"alexsmobs:animal_dictionary":1,"minecraft:bone_meal":126},"minecraft:custom":{"minecraft:interact_with_smithing_table":2,"minecraft:mob_kills":58,"minecraft:animals_bred":2,"minecraft:interact_with_crafting_table":16,"minecraft:open_barrel":37,"minecraft:leave_game":2,"minecraft:time_since_death":12191,"minecraft:sprint_one_cm":540127,"minecraft:walk_one_cm":240625,"minecraft:drop":219,"minecraft:play_time":142582,"minecraft:deaths":3,"minecraft:sneak_time":1387,"minecraft:walk_under_water_one_cm":20084,"minecraft:jump":3490,"minecraft:total_world_time":142582,"minecraft:interact_with_blast_furnace":1,"minecraft:walk_on_water_one_cm":27263,"minecraft:interact_with_furnace":37,"minecraft:sleep_in_bed":6,"minecraft:time_since_rest":4570,"minecraft:damage_taken":4011,"minecraft:trigger_trapped_chest":1,"minecraft:damage_dealt":13653,"minecraft:swim_one_cm":184274,"minecraft:fly_one_cm":843327,"minecraft:open_chest":143,"minecraft:crouch_one_cm":1702,"minecraft:fall_one_cm":92807},"minecraft:killed":{"minecraft:cave_spider":1,"minecraft:spider":4,"alexsmobs:shoebill":1,"iceandfire:stymphalian_bird":4,"minecraft:skeleton":11,"artifacts:mimic":9,"minecraft:pig":1,"minecraft:creeper":3,"minecraft:zombie":22},"minecraft:mined":{"minecraft:tuff":21,"minecraft:mossy_cobblestone":4,"quark:shale":5,"minecraft:granite":13,"gravestone:gravestone":3,"biomesoplenty:umbran_planks":4,"minecraft:grass_block":4,"productivebees:slimy_nest":2,"minecraft:spawner":1,"minecraft:cobbled_deepslate":2,"minecraft:iron_ore":23,"minecraft:snow":1,"minecraft:andesite":61,"iceandfire:gold_pile":5,"minecraft:vine":2,"minecraft:stone":122,"minecraft:bamboo":4,"iceandfire:podium_spruce":1,"minecraft:bone_block":13,"create:limestone":2,"minecraft:snow_block":1,"biomesoplenty:thermal_calcite":3,"minecraft:torch":19,"minecraft:calcite":2,"iceandfire:ghost_chest":1,"minecraft:cobblestone":8,"minecraft:lapis_ore":2,"minecraft:oak_planks":2,"minecraft:wall_torch":6,"biomesoplenty:dead_branch":1,"minecraft:redstone_torch":1,"biomesoplenty:thermal_calcite_vent":1,"minecraft:wheat":10,"minecraft:ice":1,"biomesoplenty:umbran_log":16,"biomesoplenty:dead_log":1,"minecraft:coal_ore":3,"minecraft:gravel":7,"minecraft:sand":21,"minecraft:dirt":10,"minecraft:smooth_basalt":1,"minecraft:chipped_anvil":1,"minecraft:deepslate":71},"minecraft:picked_up":{"minecraft:iron_chestplate":1,"minecraft:wheat":7,"productivebees:slimy_nest":2,"minecraft:enchanted_book":2,"gravestone:obituary":1,"iceandfire:manuscript":5,"create:limestone":2,"minecraft:iron_leggings":1,"artifacts:fire_gauntlet":2,"minecraft:tnt_minecart":2,"iceandfire:graveyard_soil":4,"iceandfire:bestiary":1,"minecraft:gold_nugget":42,"minecraft:cobbled_deepslate":134,"comforts:sleeping_bag_white":2,"minecraft:redstone_torch":1,"minecraft:calcite":4,"minecraft:iron_pickaxe":1,"biomesoplenty:redwood_wood":1,"minecraft:iron_boots":1,"minecraft:egg":1,"minecraft:furnace":1,"minecraft:stick":4,"minecraft:raw_iron":23,"iceandfire:ghost_chest":2,"minecraft:copper_ingot":6,"minecraft:torch":26,"biomesoplenty:umbran_planks":4,"minecraft:porkchop":4,"biomesoplenty:orange_maple_sapling":1,"minecraft:carrot":138,"artifacts:snorkel":2,"minecraft:arrow":8,"minecraft:rotten_flesh":36,"biomesoplenty:thermal_calcite_vent":1,"artifacts:running_shoes":1,"minecraft:gold_ingot":2,"biomesoplenty:redwood_sapling":2,"artifacts:panic_necklace":1,"minecraft:snowball":15,"minecraft:bone_block":13,"minecraft:cobblestone":149,"biomesoplenty:thermal_calcite":6,"minecraft:feather":1,"artifacts:digging_claws":3,"minecraft:andesite":61,"biomesoplenty:dead_log":1,"artifacts:onion_ring":1,"artifacts:anglers_hat":1,"minecraft:flint":1,"fishofthieves:grubs":2,"minecraft:tuff":20,"iceandfire:ectoplasm":2,"artifacts:flame_pendant":2,"minecraft:lapis_lazuli":14,"minecraft:dirt":13,"minecraft:paper":11,"artifacts:flippers":1,"minecraft:chipped_anvil":1,"minecraft:bone":25,"minecraft:wheat_seeds":22,"minecraft:raw_gold":8,"minecraft:iron_ingot":8,"minecraft:cobweb":3,"artifacts:kitty_slippers":1,"minecraft:bamboo":9,"minecraft:oak_planks":2,"biomesoplenty:umbran_log":16,"iceandfire:copper_nugget":3,"minecraft:smooth_basalt":2,"iceandfire:podium_spruce":1,"quark:shale":10,"minecraft:gravel":12,"minecraft:sand":21,"iceandfire:stymphalian_bird_feather":12,"minecraft:trapped_chest":2,"minecraft:spider_eye":5,"minecraft:mossy_cobblestone":4,"artifacts:helium_flamingo":2,"minecraft:iron_helmet":2,"minecraft:granite":13,"minecraft:coal":3},"minecraft:crafted":{"minecraft:golden_carrot":124,"simplyswords:iron_twinblade":1,"minecraft:bone_meal":126,"minecraft:iron_boots":1,"biomesoplenty:umbran_planks":64,"biomesoplenty:dead_planks":4,"iceandfire:silver_ingot":0,"minecraft:cooked_porkchop":0,"minecraft:iron_helmet":1,"minecraft:air":0,"minecraft:iron_chestplate":1,"minecraft:gold_nugget":999,"minecraft:stick":12,"minecraft:iron_pickaxe":1,"minecraft:iron_leggings":2,"minecraft:torch":12},"minecraft:dropped":{"minecraft:enchanted_book":1,"minecraft:porkchop":4,"minecraft:iron_helmet":2,"iceandfire:armor_copper_metal_chestplate":1,"minecraft:feather":1,"minecraft:cobblestone":75,"minecraft:granite":7,"iceandfire:ectoplasm":2,"minecraft:copper_ingot":6,"biomesoplenty:orange_maple_sapling":1,"biomesoplenty:thermal_calcite":3,"artifacts:anglers_hat":1,"iceandfire:graveyard_soil":4,"minecraft:flint":1,"minecraft:cobweb":3,"minecraft:dirt":6,"minecraft:golden_carrot":31,"iceandfire:copper_nugget":3,"minecraft:tnt_minecart":1,"minecraft:snowball":5,"minecraft:iron_leggings":1,"gravestone:obituary":4,"minecraft:iron_pickaxe":2,"minecraft:chipped_anvil":1,"minecraft:paper":11,"minecraft:trapped_chest":2,"artifacts:digging_claws":1,"artifacts:cowboy_hat":1,"minecraft:smooth_basalt":1,"minecraft:gold_ingot":2,"minecraft:gravel":6,"iceandfire:stymphalian_bird_feather":12,"minecraft:furnace":1,"artifacts:kitty_slippers":1,"alexsmobs:animal_dictionary":1,"simplyswords:iron_katana":1,"minecraft:cobbled_deepslate":100,"minecraft:tuff":10,"minecraft:rotten_flesh":20,"minecraft:oak_planks":2,"minecraft:iron_boots":1,"artifacts:flame_pendant":1,"iceandfire:ghost_chest":2,"minecraft:gunpowder":5,"minecraft:iron_chestplate":1,"minecraft:andesite":36,"artifacts:panic_necklace":1,"iceandfire:bestiary":1,"create:limestone":2,"artifacts:onion_ring":1,"minecraft:spider_eye":5,"minecraft:bamboo":9,"minecraft:arrow":6,"minecraft:raw_gold":8,"minecraft:calcite":2,"chococraft:gysahl_green":32,"iceandfire:manuscript":5}},"DataVersion":3465}