{"stats":{"minecraft:used":{"minecraft:water_bucket":2,"biomesoplenty:redwood_sapling":5,"minecraft:iron_chestplate":1,"minecraft:torch":17,"minecraft:mossy_cobblestone":4,"minecraft:dirt":2,"minecraft:sand":21,"simplyswords:iron_katana":101,"simplyswords:iron_twinblade":24,"minecraft:carrot":11,"minecraft:acacia_sapling":3,"iceandfire:armor_copper_metal_chestplate":1,"biomesoplenty:redwood_wood":1,"minecraft:iron_axe":28,"minecraft:iron_pickaxe":60,"minecraft:iron_helmet":1,"minecraft:iron_boots":1,"biomesoplenty:mahogany_sapling":1,"minecraft:golden_carrot":4,"minecraft:cobblestone":12,"minecraft:cooked_porkchop":8,"minecraft:bucket":2,"chococraft:gysahl_green":36,"alexsmobs:animal_dictionary":1,"minecraft:egg":1,"comforts:sleeping_bag_white":1,"minecraft:acacia_planks":10,"minecraft:bone_meal":126,"minecraft:iron_leggings":1},"minecraft:custom":{"minecraft:interact_with_smithing_table":2,"minecraft:interact_with_furnace":28,"minecraft:mob_kills":29,"minecraft:animals_bred":2,"minecraft:interact_with_crafting_table":10,"minecraft:open_barrel":16,"minecraft:leave_game":1,"minecraft:time_since_death":49915,"minecraft:sleep_in_bed":3,"minecraft:time_since_rest":8415,"minecraft:sprint_one_cm":277885,"minecraft:damage_taken":1287,"minecraft:walk_one_cm":106687,"minecraft:drop":13,"minecraft:damage_dealt":6464,"minecraft:swim_one_cm":87937,"minecraft:fly_one_cm":515742,"minecraft:open_chest":110,"minecraft:crouch_one_cm":173,"minecraft:play_time":65987,"minecraft:deaths":1,"minecraft:sneak_time":273,"minecraft:walk_under_water_one_cm":7970,"minecraft:jump":1894,"minecraft:interact_with_blast_furnace":1,"minecraft:walk_on_water_one_cm":22461,"minecraft:total_world_time":65987,"minecraft:fall_one_cm":48274},"minecraft:killed":{"minecraft:cave_spider":1,"minecraft:spider":3,"alexsmobs:shoebill":1,"iceandfire:stymphalian_bird":4,"minecraft:skeleton":1,"minecraft:zombie":14,"artifacts:mimic":3},"minecraft:mined":{"minecraft:mossy_cobblestone":4,"minecraft:torch":13,"gravestone:gravestone":1,"minecraft:grass_block":2,"minecraft:cobblestone":7,"minecraft:wall_torch":1,"biomesoplenty:dead_branch":1,"minecraft:ice":1,"minecraft:redstone_torch":1,"minecraft:iron_ore":4,"minecraft:wheat":10,"biomesoplenty:umbran_log":16,"minecraft:coal_ore":1,"iceandfire:gold_pile":5,"minecraft:sand":21,"minecraft:stone":5,"minecraft:bone_block":13},"minecraft:picked_up":{"minecraft:wheat":7,"minecraft:feather":1,"artifacts:digging_claws":1,"artifacts:anglers_hat":1,"fishofthieves:grubs":2,"gravestone:obituary":1,"minecraft:dirt":2,"minecraft:wheat_seeds":22,"minecraft:gold_nugget":42,"comforts:sleeping_bag_white":1,"minecraft:iron_ingot":7,"minecraft:redstone_torch":1,"artifacts:kitty_slippers":1,"biomesoplenty:redwood_wood":1,"biomesoplenty:umbran_log":16,"minecraft:egg":1,"minecraft:raw_iron":4,"minecraft:stick":4,"iceandfire:copper_nugget":3,"minecraft:copper_ingot":5,"minecraft:torch":14,"minecraft:sand":21,"iceandfire:stymphalian_bird_feather":12,"minecraft:carrot":138,"minecraft:spider_eye":1,"minecraft:mossy_cobblestone":4,"artifacts:snorkel":1,"minecraft:rotten_flesh":11,"biomesoplenty:redwood_sapling":2,"minecraft:coal":1,"minecraft:bone_block":13,"minecraft:cobblestone":12},"minecraft:crafted":{"minecraft:golden_carrot":124,"minecraft:cooked_porkchop":0,"iceandfire:silver_ingot":0,"simplyswords:iron_twinblade":1,"minecraft:bone_meal":126,"minecraft:air":0,"minecraft:gold_nugget":999,"minecraft:torch":4},"minecraft:dropped":{"iceandfire:stymphalian_bird_feather":12,"artifacts:kitty_slippers":1,"simplyswords:iron_katana":1,"alexsmobs:animal_dictionary":1,"iceandfire:armor_copper_metal_chestplate":1,"minecraft:feather":1,"minecraft:copper_ingot":5,"artifacts:anglers_hat":1,"iceandfire:copper_nugget":3,"minecraft:golden_carrot":31,"gravestone:obituary":2,"artifacts:cowboy_hat":1}},"DataVersion":3465}