{"stats":{"minecraft:picked_up":{"chococraft:loverly_gysahl_green":5,"minecraft:crafting_table":1,"minecraft:golden_pickaxe":1,"fishofthieves:grubs":1,"minecraft:brewing_stand":1,"minecraft:dirt":80,"chococraft:gysahl_green":101,"chococraft:gold_gysahl":1,"minecraft:wheat_seeds":47,"comforts:sleeping_bag_white":10,"minecraft:stone_pickaxe":1,"fishofthieves:earthworms":4,"minecraft:lectern":1,"minecraft:sugar_cane":3,"minecraft:acacia_sapling":1,"minecraft:book":12,"minecraft:stick":8,"iceandfire:copper_nugget":4,"minecraft:porkchop":3,"chococraft:gysahl_green_seeds":31,"iceandfire:crackled_gravel":1,"minecraft:stone_sword":2,"minecraft:stone_shovel":1,"minecraft:rotten_flesh":10,"minecraft:stone_axe":1,"minecraft:mutton":6,"biomesoplenty:orange_sand":11,"minecraft:white_wool":4},"minecraft:dropped":{"minecraft:stone_axe":1,"minecraft:sugar_cane":3,"minecraft:wheat_seeds":44,"minecraft:stone_sword":1,"alexsmobs:animal_dictionary":1,"minecraft:rotten_flesh":5,"chococraft:gysahl_green_seeds":7,"iceandfire:crackled_gravel":1,"minecraft:stick":4,"minecraft:dirt":6,"biomesoplenty:orange_sand":2,"fishofthieves:earthworms":3,"iceandfire:copper_nugget":4,"gravestone:obituary":2,"minecraft:stone_pickaxe":1,"minecraft:iron_pickaxe":1,"minecraft:white_wool":1},"minecraft:used":{"minecraft:water_bucket":34,"minecraft:stone_sword":40,"minecraft:stone_shovel":79,"minecraft:rotten_flesh":5,"fishofthieves:earthworms":1,"minecraft:dirt":8,"minecraft:mutton":1,"minecraft:crafting_table":1,"minecraft:acacia_sapling":1,"fishofthieves:grubs":1,"chococraft:gysahl_green_seeds":24,"minecraft:iron_axe":7,"biomesoplenty:orange_sand":9,"minecraft:stone_axe":11,"minecraft:porkchop":3,"minecraft:bucket":35,"chococraft:gysahl_green":55,"comforts:sleeping_bag_white":10,"minecraft:golden_pickaxe":2},"minecraft:mined":{"biomesoplenty:orange_sand":10,"biomesoplenty:desert_grass":1,"minecraft:brewing_stand":1,"minecraft:crafting_table":1,"gravestone:gravestone":2,"minecraft:grass_block":74,"minecraft:lectern":1,"minecraft:tall_grass":3,"biomesoplenty:dune_grass":1,"iceandfire:crackled_grass":1,"biomesoplenty:maple_planks":1,"minecraft:bookshelf":4,"minecraft:grass":140,"chococraft:gysahl_green":27,"minecraft:dirt":6,"biomesoplenty:barley":43},"minecraft:custom":{"minecraft:mob_kills":14,"minecraft:interact_with_crafting_table":12,"minecraft:interact_with_stonecutter":1,"minecraft:leave_game":1,"minecraft:time_since_death":34222,"minecraft:sleep_in_bed":10,"minecraft:time_since_rest":5084,"minecraft:sprint_one_cm":153095,"minecraft:damage_taken":1444,"minecraft:walk_one_cm":118771,"minecraft:drop":27,"minecraft:damage_dealt":2781,"minecraft:swim_one_cm":15588,"minecraft:player_kills":1,"minecraft:fly_one_cm":285085,"minecraft:open_chest":27,"minecraft:crouch_one_cm":2589,"minecraft:play_time":58338,"minecraft:deaths":2,"minecraft:sneak_time":932,"minecraft:walk_under_water_one_cm":1268,"minecraft:jump":1279,"minecraft:walk_on_water_one_cm":9143,"minecraft:total_world_time":58338,"minecraft:fall_one_cm":37539},"minecraft:killed":{"minecraft:husk":6,"minecraft:zombie_villager":1,"minecraft:sheep":4,"minecraft:zombie":2,"alexsmobs:kangaroo":1},"minecraft:crafted":{"comforts:sleeping_bag_white":1,"minecraft:bucket":1,"minecraft:iron_axe":1,"minecraft:iron_pickaxe":2}},"DataVersion":3465}