{"stats":{"minecraft:broken":{"minecraft:iron_boots":1,"minecraft:iron_sword":1,"minecraft:iron_pickaxe":1,"minecraft:iron_helmet":1},"minecraft:custom":{"minecraft:animals_bred":2,"minecraft:interact_with_crafting_table":43,"minecraft:open_barrel":24,"minecraft:leave_game":3,"minecraft:time_since_death":132044,"minecraft:sprint_one_cm":814433,"minecraft:drop":187,"minecraft:play_time":220837,"minecraft:deaths":12,"minecraft:jump":5904,"minecraft:walk_on_water_one_cm":40859,"minecraft:enchant_item":2,"minecraft:interact_with_furnace":43,"minecraft:sleep_in_bed":6,"minecraft:damage_dealt":24201,"minecraft:crouch_one_cm":31515,"minecraft:interact_with_smoker":17,"minecraft:interact_with_smithing_table":2,"minecraft:mob_kills":134,"minecraft:interact_with_campfire":4,"minecraft:climb_one_cm":6822,"minecraft:walk_one_cm":389068,"minecraft:sneak_time":13150,"minecraft:walk_under_water_one_cm":57269,"minecraft:total_world_time":220837,"minecraft:interact_with_grindstone":2,"minecraft:time_since_rest":6559,"minecraft:damage_taken":9433,"minecraft:damage_absorbed":40,"minecraft:trigger_trapped_chest":3,"minecraft:swim_one_cm":293378,"minecraft:fly_one_cm":1377614,"minecraft:open_chest":251,"minecraft:fall_one_cm":145217},"minecraft:used":{"iceandfire:lectern":1,"minecraft:iron_shovel":106,"create:scorchia":2,"minecraft:poppy":1,"minecraft:iron_sword":389,"minecraft:iron_chestplate":2,"biomesoplenty:yellow_maple_sapling":1,"minecraft:mutton":2,"minecraft:carrot":16,"minecraft:acacia_sapling":2,"quark:limestone":8,"totemic:flute":114,"minecraft:iron_helmet":2,"minecraft:magma_block":2,"minecraft:egg":2,"iceandfire:frozen_cobblestone":1,"minecraft:diorite":1,"minecraft:blackstone":8,"minecraft:golden_apple":1,"minecraft:sand":1,"alexscaves:cave_book":2,"minecraft:birch_fence":2,"minecraft:birch_fence_gate":2,"minecraft:bread":11,"minecraft:grindstone":1,"minecraft:andesite":6,"chococraft:gysahl_green":110,"biomesoplenty:brimstone":1,"minecraft:iron_bars":1,"create:veridium":4,"minecraft:cooked_salmon":12,"minecraft:netherrack":83,"minecraft:torch":37,"fishofthieves:earthworms":2,"minecraft:dirt":19,"artifacts:onion_ring":1,"biomesoplenty:pine_sapling":2,"minecraft:iron_axe":135,"minecraft:iron_boots":2,"minecraft:golden_carrot":3,"comforts:sleeping_bag_white":3,"minecraft:cooked_beef":13,"minecraft:cobbled_deepslate":10,"minecraft:iron_leggings":2,"minecraft:calcite":3,"minecraft:cooked_mutton":15,"minecraft:water_bucket":286,"minecraft:baked_potato":18,"minecraft:green_bed":1,"minecraft:mossy_cobblestone":2,"minecraft:crafting_table":2,"minecraft:smoker":1,"minecraft:diamond_pickaxe":639,"minecraft:black_wool":1,"chococraft:gysahl_green_seeds":1,"minecraft:iron_pickaxe":692,"iceandfire:ash":1,"minecraft:cobblestone":67,"travelersbackpack:standard":1,"minecraft:porkchop":4,"minecraft:bucket":288},"minecraft:killed":{"minecraft:cave_spider":3,"minecraft:zombified_piglin":4,"minecraft:witch":2,"minecraft:spider":1,"minecraft:skeleton":13,"minecraft:piglin":1,"minecraft:pig":4,"minecraft:zombie_villager":2,"minecraft:creeper":4,"minecraft:sheep":10,"minecraft:zombie":82,"minecraft:horse":1,"iceandfire:ghost":3},"minecraft:mined":{"minecraft:spruce_planks":1,"minecraft:cobblestone_stairs":1,"minecraft:sculk_vein":1,"biomesoplenty:brimstone":8,"minecraft:granite":37,"minecraft:acacia_log":17,"minecraft:grass_block":45,"quark:green_corundum_cluster":1,"minecraft:soul_soil":1,"minecraft:spawner":8,"biomesoplenty:pine_log":22,"minecraft:smooth_stone":1,"minecraft:magma_block":4,"bno:nether_coal_ore":6,"minecraft:cobbled_deepslate":2,"minecraft:iron_ore":14,"minecraft:fire":18,"biomesoplenty:hanging_cobweb":1,"bno:nether_iron_ore":25,"biomesoplenty:webbing":3,"minecraft:iron_bars":1,"quark:limestone":11,"create:veridium":13,"create:limestone":8,"minecraft:green_bed":1,"minecraft:blackstone":8,"minecraft:torch":10,"bno:nether_emerald_ore":8,"minecraft:calcite":4,"minecraft:poppy":1,"minecraft:polished_andesite_stairs":2,"minecraft:dead_bush":1,"iceandfire:sapphire_ore":6,"minecraft:nether_quartz_ore":6,"minecraft:cobblestone":10,"minecraft:cyan_bed":1,"minecraft:iron_door":1,"minecraft:wall_torch":4,"biomesoplenty:goldenrod":1,"minecraft:birch_log":13,"minecraft:potted_poppy":1,"minecraft:grass":527,"minecraft:oak_log":3,"minecraft:sand":31,"minecraft:dirt":71,"minecraft:netherrack":403,"minecraft:deepslate":74,"minecraft:tuff":6,"iceandfire:silver_ore":1,"minecraft:mossy_cobblestone":2,"minecraft:deepslate_diamond_ore":19,"iceandfire:frozen_cobblestone":25,"gravestone:gravestone":10,"iceandfire:frozen_stone":23,"minecraft:spruce_fence":1,"minecraft:spruce_leaves":4,"iceandfire:chared_grass":1,"minecraft:redstone_ore":1,"create:scorchia":2,"minecraft:andesite":39,"minecraft:deepslate_iron_ore":31,"minecraft:vine":3,"biomesoplenty:barley":3,"minecraft:stone":343,"minecraft:soul_sand":6,"minecraft:basalt":82,"minecraft:dandelion":2,"travelersbackpack:standard":1,"minecraft:crafting_table":1,"minecraft:emerald_ore":1,"minecraft:sculk_sensor":2,"minecraft:stone_slab":1,"minecraft:tall_grass":31,"minecraft:sculk":2,"minecraft:diorite":17,"biomesoplenty:red_maple_leaf_pile":2,"minecraft:coal_ore":75,"minecraft:cobweb":9,"minecraft:fern":8},"minecraft:crafted":{"minecraft:grindstone":1,"minecraft:oak_planks":4,"iceandfire:lectern":1,"minecraft:stone":10,"minecraft:cooked_mutton":11,"minecraft:glass":41,"minecraft:iron_boots":2,"minecraft:birch_fence_gate":2,"minecraft:smoker":1,"travelersbackpack:iron_tier_upgrade":1,"minecraft:crafting_table":2,"travelersbackpack:standard":1,"minecraft:baked_potato":27,"minecraft:iron_helmet":2,"minecraft:birch_planks":52,"minecraft:iron_chestplate":3,"minecraft:diamond_pickaxe":1,"minecraft:birch_fence":3,"minecraft:stick":36,"minecraft:stone_slab":6,"minecraft:iron_ingot":0,"minecraft:iron_pickaxe":3,"minecraft:black_bed":1,"minecraft:shears":1,"biomesoplenty:pine_planks":60,"comforts:sleeping_bag_white":1,"minecraft:furnace":1,"travelersbackpack:blank_upgrade":4,"quark:acacia_chest":1,"minecraft:iron_axe":1,"minecraft:cooked_beef":3,"travelersbackpack:backpack_tank":4,"minecraft:iron_sword":2,"minecraft:cooked_salmon":8,"minecraft:bucket":2,"minecraft:air":0,"minecraft:bread":11,"iceandfire:bestiary":1,"minecraft:iron_leggings":2,"minecraft:acacia_planks":36,"minecraft:torch":28},"minecraft:picked_up":{"chococraft:loverly_gysahl_green":5,"minecraft:wheat":46,"minecraft:stone_slab":1,"minecraft:enchanted_book":1,"minecraft:golden_sword":2,"minecraft:string":9,"minecraft:soul_soil":1,"create:limestone":8,"minecraft:cooked_salmon":4,"biomesoplenty:brimstone":8,"minecraft:cobbled_deepslate":74,"minecraft:tnt_minecart":4,"minecraft:gold_nugget":3,"minecraft:smooth_stone":1,"comforts:sleeping_bag_white":3,"minecraft:spruce_planks":1,"minecraft:calcite":4,"minecraft:golden_helmet":1,"minecraft:stick":14,"minecraft:green_bed":1,"minecraft:torch":16,"minecraft:acacia_log":17,"minecraft:porkchop":6,"minecraft:diorite":10,"minecraft:rotten_flesh":77,"create:veridium":22,"minecraft:iron_bars":1,"minecraft:cobblestone":483,"biomesoplenty:lavender":1,"minecraft:birch_log":13,"iceandfire:sapphire_gem":6,"minecraft:magma_block":5,"minecraft:cooked_beef":1,"minecraft:iron_door":1,"minecraft:andesite":32,"minecraft:potato":78,"alexscaves:cave_book":1,"minecraft:tuff":4,"minecraft:dirt":156,"minecraft:name_tag":1,"minecraft:bone":5,"minecraft:wheat_seeds":135,"minecraft:raw_gold":6,"fishofthieves:earthworms":11,"minecraft:glowstone_dust":1,"biomesoplenty:pine_sapling":2,"minecraft:sand":31,"minecraft:cyan_bed":1,"minecraft:mossy_cobblestone":2,"minecraft:diamond":19,"minecraft:granite":32,"minecraft:emerald":9,"minecraft:netherrack":386,"iceandfire:raw_silver":1,"minecraft:crafting_table":1,"iceandfire:frozen_cobblestone":25,"gravestone:obituary":4,"iceandfire:frozen_stone":23,"create:scorchia":2,"minecraft:blackstone":8,"minecraft:poppy":1,"minecraft:egg":2,"minecraft:raw_iron":18,"quark:green_corundum_cluster":1,"minecraft:carrot":22,"minecraft:redstone":5,"minecraft:arrow":12,"minecraft:mutton":13,"minecraft:white_wool":16,"minecraft:basalt":80,"minecraft:golden_carrot":3,"minecraft:glow_ink_sac":2,"biomesoplenty:goldenrod":1,"minecraft:leather":12,"totemic:flute":1,"fishofthieves:grubs":3,"minecraft:oak_log":3,"biomesoplenty:pine_log":16,"minecraft:cobblestone_stairs":1,"minecraft:gunpowder":3,"quark:limestone":11,"minecraft:cooked_mutton":4,"chococraft:gysahl_green":125,"chococraft:gold_gysahl":6,"minecraft:kelp":38,"minecraft:iron_ingot":73,"minecraft:acacia_sapling":4,"minecraft:soul_sand":12,"minecraft:polished_andesite_stairs":2,"iceandfire:ash":1,"minecraft:quartz":6,"minecraft:dandelion":2,"chococraft:gysahl_green_seeds":1,"minecraft:spider_eye":1,"minecraft:leather_helmet":1,"travelersbackpack:standard":1,"biomesoplenty:yellow_maple_sapling":7,"minecraft:black_wool":10,"minecraft:coal":80},"minecraft:killed_by":{"quark:forgotten":1,"iceandfire:fire_dragon":2},"minecraft:dropped":{"quark:green_corundum_cluster":1,"iceandfire:raw_silver":1,"minecraft:soul_sand":12,"chococraft:loverly_gysahl_green":4,"minecraft:glow_ink_sac":2,"minecraft:baked_potato":9,"minecraft:black_bed":4,"iceandfire:ectoplasm":3,"quark:limestone":3,"minecraft:leather_helmet":1,"minecraft:cobblestone_stairs":1,"minecraft:dirt":123,"gravestone:obituary":14,"minecraft:gold_nugget":3,"minecraft:iron_pickaxe":2,"minecraft:white_wool":16,"fishofthieves:grubs":3,"minecraft:bone":1,"alexsmobs:animal_dictionary":1,"minecraft:cobbled_deepslate":4,"biomesoplenty:pine_planks":54,"minecraft:wheat":9,"minecraft:rotten_flesh":73,"minecraft:glowstone_dust":1,"minecraft:white_bed":5,"alexscaves:cave_book":1,"minecraft:acacia_sapling":2,"create:limestone":8,"minecraft:arrow":6,"minecraft:glass":1,"minecraft:quartz":6,"minecraft:netherrack":113,"minecraft:enchanted_book":1,"minecraft:wheat_seeds":102,"minecraft:golden_helmet":1,"chococraft:gold_gysahl":5,"biomesoplenty:lavender":1,"minecraft:iron_helmet":1,"minecraft:cobblestone":261,"minecraft:granite":32,"minecraft:stick":15,"biomesoplenty:goldenrod":1,"minecraft:diorite":9,"minecraft:iron_door":1,"minecraft:iron_leggings":1,"minecraft:polished_andesite_stairs":2,"biomesoplenty:pine_log":1,"minecraft:smooth_stone":1,"minecraft:string":9,"minecraft:dandelion":2,"minecraft:redstone":5,"minecraft:kelp":38,"minecraft:soul_soil":1,"minecraft:tuff":4,"biomesoplenty:yellow_maple_sapling":6,"minecraft:raw_iron":8,"minecraft:stone_slab":1,"minecraft:stone":7,"create:veridium":18,"fishofthieves:earthworms":8,"minecraft:iron_chestplate":1,"minecraft:andesite":26,"minecraft:golden_sword":2,"minecraft:spider_eye":1,"minecraft:calcite":1,"minecraft:magma_block":3,"minecraft:cyan_bed":1,"chococraft:gysahl_green":3,"minecraft:black_wool":6}},"DataVersion":3465}