{"stats":{"minecraft:broken":{"minecraft:iron_boots":1,"minecraft:iron_sword":1,"minecraft:iron_pickaxe":1},"minecraft:custom":{"minecraft:mob_kills":124,"minecraft:interact_with_crafting_table":26,"minecraft:open_barrel":24,"minecraft:interact_with_campfire":4,"minecraft:leave_game":1,"minecraft:time_since_death":60534,"minecraft:climb_one_cm":6822,"minecraft:sprint_one_cm":572075,"minecraft:walk_one_cm":268685,"minecraft:drop":131,"minecraft:play_time":149327,"minecraft:deaths":12,"minecraft:sneak_time":9443,"minecraft:walk_under_water_one_cm":35509,"minecraft:jump":4287,"minecraft:walk_on_water_one_cm":38959,"minecraft:enchant_item":2,"minecraft:total_world_time":149327,"minecraft:interact_with_furnace":41,"minecraft:interact_with_grindstone":1,"minecraft:sleep_in_bed":3,"minecraft:time_since_rest":50964,"minecraft:damage_taken":8196,"minecraft:damage_absorbed":40,"minecraft:damage_dealt":22220,"minecraft:swim_one_cm":284476,"minecraft:fly_one_cm":1013750,"minecraft:open_chest":133,"minecraft:crouch_one_cm":18905,"minecraft:interact_with_smoker":14,"minecraft:fall_one_cm":102449},"minecraft:used":{"minecraft:iron_shovel":92,"minecraft:poppy":1,"create:veridium":4,"minecraft:iron_sword":350,"minecraft:cooked_salmon":12,"minecraft:iron_chestplate":2,"minecraft:torch":36,"fishofthieves:earthworms":2,"minecraft:dirt":9,"minecraft:carrot":7,"minecraft:acacia_sapling":1,"artifacts:onion_ring":1,"quark:limestone":8,"totemic:flute":36,"biomesoplenty:pine_sapling":2,"minecraft:iron_axe":113,"minecraft:iron_helmet":1,"minecraft:iron_boots":1,"minecraft:golden_carrot":3,"minecraft:magma_block":2,"iceandfire:frozen_cobblestone":1,"comforts:sleeping_bag_white":3,"minecraft:cooked_beef":9,"minecraft:cobbled_deepslate":10,"minecraft:iron_leggings":1,"minecraft:calcite":3,"minecraft:cooked_mutton":11,"minecraft:water_bucket":265,"minecraft:diorite":1,"minecraft:golden_apple":1,"minecraft:mossy_cobblestone":2,"minecraft:sand":1,"minecraft:crafting_table":2,"minecraft:smoker":1,"minecraft:diamond_pickaxe":96,"chococraft:gysahl_green_seeds":1,"minecraft:bread":9,"minecraft:iron_pickaxe":692,"iceandfire:ash":1,"minecraft:cobblestone":64,"minecraft:porkchop":4,"minecraft:andesite":6,"minecraft:grindstone":1,"minecraft:bucket":267,"chococraft:gysahl_green":110},"minecraft:killed":{"minecraft:cave_spider":3,"minecraft:witch":2,"minecraft:spider":1,"minecraft:horse":1,"minecraft:skeleton":13,"minecraft:pig":4,"minecraft:zombie_villager":2,"minecraft:creeper":4,"minecraft:sheep":8,"minecraft:zombie":82},"minecraft:mined":{"minecraft:tuff":6,"minecraft:spruce_planks":1,"iceandfire:silver_ore":1,"minecraft:mossy_cobblestone":2,"minecraft:deepslate_diamond_ore":19,"minecraft:cobblestone_stairs":1,"minecraft:sculk_vein":1,"iceandfire:frozen_cobblestone":25,"gravestone:gravestone":9,"minecraft:granite":37,"iceandfire:frozen_stone":23,"minecraft:acacia_log":10,"minecraft:grass_block":24,"minecraft:spruce_fence":1,"quark:green_corundum_cluster":1,"minecraft:spruce_leaves":4,"minecraft:spawner":8,"biomesoplenty:pine_log":22,"minecraft:smooth_stone":1,"minecraft:redstone_ore":1,"minecraft:magma_block":3,"minecraft:iron_ore":14,"minecraft:cobbled_deepslate":2,"minecraft:fire":3,"minecraft:andesite":39,"biomesoplenty:hanging_cobweb":1,"minecraft:vine":2,"minecraft:deepslate_iron_ore":31,"biomesoplenty:webbing":3,"quark:limestone":11,"biomesoplenty:barley":3,"minecraft:stone":341,"create:veridium":13,"create:limestone":8,"minecraft:dandelion":2,"minecraft:crafting_table":1,"minecraft:torch":9,"minecraft:emerald_ore":1,"minecraft:calcite":4,"minecraft:poppy":1,"minecraft:polished_andesite_stairs":2,"minecraft:dead_bush":1,"minecraft:sculk_sensor":2,"iceandfire:sapphire_ore":6,"minecraft:stone_slab":1,"minecraft:tall_grass":31,"minecraft:cobblestone":9,"minecraft:cyan_bed":1,"minecraft:sculk":2,"minecraft:diorite":17,"minecraft:iron_door":1,"minecraft:wall_torch":4,"biomesoplenty:goldenrod":1,"biomesoplenty:red_maple_leaf_pile":2,"minecraft:potted_poppy":1,"minecraft:grass":526,"minecraft:coal_ore":75,"minecraft:oak_log":3,"minecraft:sand":31,"minecraft:dirt":69,"minecraft:cobweb":9,"minecraft:deepslate":74,"minecraft:fern":8},"minecraft:crafted":{"minecraft:grindstone":1,"minecraft:oak_planks":4,"biomesoplenty:pine_planks":60,"comforts:sleeping_bag_white":1,"minecraft:furnace":1,"minecraft:stone":10,"minecraft:cooked_mutton":11,"minecraft:glass":28,"quark:acacia_chest":1,"minecraft:iron_boots":1,"minecraft:iron_axe":1,"minecraft:smoker":1,"minecraft:cooked_beef":0,"minecraft:crafting_table":2,"travelersbackpack:backpack_tank":2,"travelersbackpack:standard":1,"minecraft:iron_helmet":1,"minecraft:iron_sword":2,"minecraft:cooked_salmon":8,"minecraft:bucket":2,"minecraft:bread":9,"minecraft:air":0,"minecraft:iron_chestplate":2,"minecraft:diamond_pickaxe":1,"minecraft:stone_slab":6,"minecraft:stick":24,"minecraft:iron_pickaxe":3,"minecraft:iron_ingot":0,"minecraft:iron_leggings":1,"minecraft:acacia_planks":8,"minecraft:torch":28},"minecraft:picked_up":{"minecraft:crafting_table":1,"chococraft:loverly_gysahl_green":5,"minecraft:wheat":31,"minecraft:stone_slab":1,"iceandfire:frozen_cobblestone":25,"minecraft:enchanted_book":1,"gravestone:obituary":3,"iceandfire:frozen_stone":23,"minecraft:cooked_salmon":4,"minecraft:string":9,"create:limestone":8,"minecraft:tnt_minecart":4,"minecraft:smooth_stone":1,"minecraft:cobbled_deepslate":74,"comforts:sleeping_bag_white":3,"minecraft:spruce_planks":1,"minecraft:calcite":4,"minecraft:poppy":1,"minecraft:raw_iron":18,"minecraft:stick":11,"quark:green_corundum_cluster":1,"minecraft:torch":14,"minecraft:acacia_log":10,"minecraft:porkchop":6,"minecraft:diorite":10,"minecraft:carrot":5,"minecraft:redstone":5,"minecraft:arrow":12,"minecraft:rotten_flesh":76,"create:veridium":22,"minecraft:mutton":11,"minecraft:cobblestone":481,"minecraft:white_wool":7,"biomesoplenty:lavender":1,"iceandfire:sapphire_gem":6,"minecraft:magma_block":4,"minecraft:golden_carrot":3,"minecraft:iron_door":1,"minecraft:glow_ink_sac":2,"minecraft:andesite":32,"biomesoplenty:goldenrod":1,"totemic:flute":1,"fishofthieves:grubs":3,"minecraft:tuff":4,"minecraft:oak_log":3,"biomesoplenty:pine_log":16,"minecraft:gunpowder":3,"minecraft:cobblestone_stairs":1,"quark:limestone":11,"minecraft:dirt":129,"minecraft:name_tag":1,"minecraft:bone":5,"chococraft:gysahl_green":122,"chococraft:gold_gysahl":6,"minecraft:wheat_seeds":102,"minecraft:raw_gold":6,"minecraft:iron_ingot":48,"fishofthieves:earthworms":8,"minecraft:glowstone_dust":1,"minecraft:acacia_sapling":1,"biomesoplenty:pine_sapling":2,"minecraft:polished_andesite_stairs":2,"iceandfire:ash":1,"minecraft:sand":31,"chococraft:gysahl_green_seeds":1,"minecraft:cyan_bed":1,"minecraft:leather_helmet":1,"minecraft:spider_eye":1,"minecraft:mossy_cobblestone":2,"minecraft:diamond":19,"minecraft:granite":32,"minecraft:emerald":1,"minecraft:black_wool":1,"minecraft:coal":74,"iceandfire:raw_silver":1},"minecraft:killed_by":{"quark:forgotten":1,"iceandfire:fire_dragon":2},"minecraft:dropped":{"minecraft:enchanted_book":1,"quark:green_corundum_cluster":1,"iceandfire:raw_silver":1,"chococraft:loverly_gysahl_green":4,"minecraft:wheat_seeds":82,"minecraft:glow_ink_sac":2,"chococraft:gold_gysahl":5,"biomesoplenty:lavender":1,"minecraft:iron_helmet":1,"minecraft:cobblestone":261,"minecraft:granite":32,"quark:limestone":3,"minecraft:leather_helmet":1,"minecraft:stick":14,"minecraft:cobblestone_stairs":1,"minecraft:dirt":120,"biomesoplenty:goldenrod":1,"minecraft:diorite":9,"minecraft:iron_door":1,"gravestone:obituary":13,"minecraft:polished_andesite_stairs":2,"minecraft:iron_pickaxe":2,"biomesoplenty:pine_log":1,"minecraft:smooth_stone":1,"minecraft:string":9,"fishofthieves:grubs":3,"minecraft:white_wool":7,"minecraft:redstone":5,"minecraft:bone":1,"alexsmobs:animal_dictionary":1,"minecraft:cobbled_deepslate":4,"biomesoplenty:pine_planks":54,"minecraft:tuff":4,"minecraft:wheat":4,"minecraft:raw_iron":8,"minecraft:rotten_flesh":72,"minecraft:glowstone_dust":1,"minecraft:stone_slab":1,"minecraft:stone":7,"create:veridium":18,"fishofthieves:earthworms":6,"minecraft:iron_chestplate":1,"minecraft:andesite":26,"create:limestone":8,"minecraft:spider_eye":1,"minecraft:arrow":6,"minecraft:calcite":1,"minecraft:magma_block":2,"minecraft:cyan_bed":1,"minecraft:black_wool":1}},"DataVersion":3465}