{"stats":{"minecraft:custom":{"minecraft:interact_with_furnace":12,"minecraft:mob_kills":31,"minecraft:interact_with_crafting_table":13,"minecraft:open_barrel":10,"minecraft:leave_game":1,"minecraft:time_since_death":19494,"minecraft:sleep_in_bed":1,"minecraft:climb_one_cm":1067,"minecraft:time_since_rest":19513,"minecraft:sprint_one_cm":166391,"minecraft:damage_taken":1908,"minecraft:walk_one_cm":82096,"minecraft:drop":39,"minecraft:damage_dealt":6660,"minecraft:swim_one_cm":94041,"minecraft:fly_one_cm":280626,"minecraft:open_chest":37,"minecraft:crouch_one_cm":11472,"minecraft:play_time":47327,"minecraft:deaths":3,"minecraft:sneak_time":5672,"minecraft:walk_under_water_one_cm":15610,"minecraft:jump":1297,"minecraft:walk_on_water_one_cm":12495,"minecraft:total_world_time":47327,"minecraft:interact_with_smoker":1,"minecraft:fall_one_cm":33482},"minecraft:used":{"minecraft:calcite":3,"minecraft:water_bucket":129,"minecraft:diorite":1,"minecraft:poppy":1,"create:veridium":4,"minecraft:iron_sword":86,"minecraft:iron_chestplate":1,"minecraft:torch":11,"minecraft:dirt":2,"chococraft:gysahl_green_seeds":1,"minecraft:iron_axe":20,"minecraft:iron_pickaxe":415,"minecraft:iron_helmet":1,"minecraft:iron_boots":1,"minecraft:magma_block":2,"minecraft:cobblestone":10,"minecraft:bucket":131,"chococraft:gysahl_green":36,"minecraft:cooked_beef":9,"comforts:sleeping_bag_white":1,"minecraft:iron_leggings":1},"minecraft:killed":{"minecraft:witch":1,"minecraft:zombie_villager":1,"minecraft:spider":1,"minecraft:creeper":2,"minecraft:sheep":8,"minecraft:skeleton":4,"minecraft:zombie":12},"minecraft:mined":{"minecraft:tuff":4,"iceandfire:silver_ore":1,"minecraft:deepslate_diamond_ore":13,"minecraft:sculk_vein":1,"minecraft:dandelion":2,"minecraft:torch":5,"gravestone:gravestone":3,"minecraft:granite":31,"minecraft:grass_block":1,"minecraft:calcite":4,"minecraft:poppy":1,"quark:green_corundum_cluster":1,"minecraft:sculk_sensor":2,"minecraft:stone_slab":1,"minecraft:tall_grass":9,"minecraft:cobblestone":4,"minecraft:cyan_bed":1,"minecraft:sculk":2,"minecraft:diorite":6,"minecraft:iron_door":1,"minecraft:wall_torch":3,"minecraft:spawner":1,"minecraft:magma_block":3,"minecraft:iron_ore":5,"minecraft:andesite":11,"biomesoplenty:hanging_cobweb":1,"minecraft:grass":102,"minecraft:coal_ore":73,"minecraft:deepslate_iron_ore":3,"biomesoplenty:webbing":2,"minecraft:dirt":5,"minecraft:stone":173,"create:veridium":13,"create:limestone":8,"minecraft:deepslate":56,"minecraft:fern":8},"minecraft:picked_up":{"chococraft:loverly_gysahl_green":4,"minecraft:magma_block":3,"minecraft:iron_door":1,"minecraft:andesite":10,"minecraft:stone_slab":1,"minecraft:tuff":4,"gravestone:obituary":1,"minecraft:gunpowder":2,"minecraft:dirt":9,"minecraft:string":2,"create:limestone":8,"minecraft:bone":2,"chococraft:gysahl_green":80,"chococraft:gold_gysahl":3,"minecraft:wheat_seeds":6,"minecraft:tnt_minecart":2,"minecraft:cobbled_deepslate":54,"comforts:sleeping_bag_white":1,"minecraft:iron_ingot":9,"minecraft:calcite":4,"minecraft:poppy":1,"minecraft:raw_iron":8,"quark:green_corundum_cluster":1,"minecraft:torch":10,"chococraft:gysahl_green_seeds":1,"minecraft:diorite":6,"minecraft:cyan_bed":1,"minecraft:spider_eye":1,"minecraft:arrow":3,"minecraft:rotten_flesh":10,"minecraft:diamond":13,"minecraft:granite":32,"create:veridium":22,"minecraft:black_wool":1,"minecraft:mutton":11,"minecraft:white_wool":7,"minecraft:coal":73,"iceandfire:raw_silver":1,"minecraft:cobblestone":178},"minecraft:crafted":{"minecraft:cooked_beef":0,"comforts:sleeping_bag_white":1,"minecraft:iron_helmet":1,"minecraft:iron_sword":1,"minecraft:bucket":2,"minecraft:air":0,"minecraft:iron_boots":1,"minecraft:iron_chestplate":1,"minecraft:iron_axe":1,"minecraft:stick":20,"minecraft:iron_ingot":0,"minecraft:iron_pickaxe":3,"minecraft:iron_leggings":1,"minecraft:torch":28},"minecraft:killed_by":{"quark:forgotten":1},"minecraft:dropped":{"quark:green_corundum_cluster":1,"iceandfire:raw_silver":1,"minecraft:wheat_seeds":6,"chococraft:loverly_gysahl_green":4,"alexsmobs:animal_dictionary":1,"chococraft:gold_gysahl":2,"minecraft:tuff":4,"minecraft:iron_helmet":1,"minecraft:raw_iron":2,"minecraft:rotten_flesh":10,"minecraft:granite":13,"minecraft:stone_slab":1,"minecraft:dirt":3,"create:veridium":9,"minecraft:diorite":5,"minecraft:andesite":10,"minecraft:iron_door":1,"create:limestone":8,"gravestone:obituary":4,"minecraft:spider_eye":1,"minecraft:iron_pickaxe":1,"minecraft:calcite":1,"minecraft:cyan_bed":1,"minecraft:string":2,"minecraft:white_wool":7,"minecraft:black_wool":1}},"DataVersion":3465}