{"stats":{"minecraft:broken":{"minecraft:iron_sword":1},"minecraft:custom":{"minecraft:mob_kills":94,"minecraft:interact_with_crafting_table":19,"minecraft:open_barrel":10,"minecraft:leave_game":1,"minecraft:time_since_death":12534,"minecraft:climb_one_cm":2473,"minecraft:sprint_one_cm":402359,"minecraft:walk_one_cm":186012,"minecraft:drop":102,"minecraft:play_time":101327,"minecraft:deaths":12,"minecraft:sneak_time":7377,"minecraft:walk_under_water_one_cm":23033,"minecraft:jump":3250,"minecraft:walk_on_water_one_cm":22664,"minecraft:enchant_item":2,"minecraft:total_world_time":101327,"minecraft:interact_with_furnace":20,"minecraft:interact_with_grindstone":1,"minecraft:sleep_in_bed":3,"minecraft:time_since_rest":2964,"minecraft:damage_taken":6646,"minecraft:damage_absorbed":40,"minecraft:damage_dealt":16345,"minecraft:swim_one_cm":204463,"minecraft:fly_one_cm":807513,"minecraft:open_chest":114,"minecraft:crouch_one_cm":14439,"minecraft:interact_with_smoker":7,"minecraft:fall_one_cm":78328},"minecraft:used":{"minecraft:iron_shovel":39,"minecraft:poppy":1,"create:veridium":4,"minecraft:iron_sword":248,"minecraft:iron_chestplate":1,"minecraft:torch":30,"fishofthieves:earthworms":2,"minecraft:dirt":5,"minecraft:acacia_sapling":1,"minecraft:iron_axe":101,"minecraft:iron_helmet":1,"minecraft:iron_boots":1,"minecraft:golden_carrot":3,"minecraft:magma_block":2,"comforts:sleeping_bag_white":3,"minecraft:cooked_beef":9,"minecraft:iron_leggings":1,"minecraft:calcite":3,"minecraft:cooked_mutton":11,"minecraft:water_bucket":139,"minecraft:diorite":1,"minecraft:golden_apple":1,"minecraft:mossy_cobblestone":2,"minecraft:crafting_table":1,"minecraft:smoker":1,"chococraft:gysahl_green_seeds":1,"minecraft:iron_pickaxe":646,"iceandfire:ash":1,"minecraft:cobblestone":64,"minecraft:grindstone":1,"minecraft:bucket":141,"chococraft:gysahl_green":84},"minecraft:killed":{"minecraft:cave_spider":2,"minecraft:witch":1,"minecraft:spider":1,"minecraft:skeleton":9,"minecraft:zombie_villager":1,"minecraft:creeper":4,"minecraft:sheep":8,"minecraft:zombie":65},"minecraft:mined":{"minecraft:tuff":4,"minecraft:spruce_planks":1,"iceandfire:silver_ore":1,"minecraft:mossy_cobblestone":2,"minecraft:deepslate_diamond_ore":13,"minecraft:cobblestone_stairs":1,"minecraft:sculk_vein":1,"gravestone:gravestone":9,"minecraft:granite":37,"minecraft:acacia_log":10,"minecraft:grass_block":19,"minecraft:spruce_fence":1,"quark:green_corundum_cluster":1,"minecraft:spawner":7,"biomesoplenty:pine_log":22,"minecraft:smooth_stone":1,"minecraft:magma_block":3,"minecraft:iron_ore":13,"minecraft:fire":1,"minecraft:andesite":33,"biomesoplenty:hanging_cobweb":1,"minecraft:deepslate_iron_ore":3,"biomesoplenty:webbing":3,"biomesoplenty:barley":3,"minecraft:stone":330,"create:veridium":13,"create:limestone":8,"minecraft:dandelion":2,"minecraft:torch":7,"minecraft:calcite":4,"minecraft:poppy":1,"minecraft:polished_andesite_stairs":2,"minecraft:dead_bush":1,"minecraft:sculk_sensor":2,"minecraft:stone_slab":1,"minecraft:tall_grass":31,"minecraft:cobblestone":9,"minecraft:cyan_bed":1,"minecraft:sculk":2,"minecraft:diorite":13,"minecraft:iron_door":1,"minecraft:wall_torch":4,"biomesoplenty:goldenrod":1,"minecraft:potted_poppy":1,"minecraft:grass":526,"minecraft:coal_ore":75,"minecraft:oak_log":2,"minecraft:dirt":47,"minecraft:cobweb":8,"minecraft:deepslate":62,"minecraft:fern":8},"minecraft:crafted":{"minecraft:grindstone":1,"biomesoplenty:pine_planks":60,"comforts:sleeping_bag_white":1,"minecraft:furnace":1,"minecraft:stone":3,"minecraft:cooked_mutton":11,"minecraft:iron_boots":1,"minecraft:iron_axe":1,"minecraft:smoker":1,"minecraft:cooked_beef":0,"minecraft:crafting_table":1,"minecraft:iron_helmet":1,"minecraft:iron_sword":2,"minecraft:bucket":2,"minecraft:air":0,"minecraft:iron_chestplate":1,"minecraft:diamond_pickaxe":1,"minecraft:stone_slab":6,"minecraft:stick":24,"minecraft:iron_pickaxe":3,"minecraft:iron_ingot":0,"minecraft:iron_leggings":1,"minecraft:torch":28},"minecraft:picked_up":{"chococraft:loverly_gysahl_green":4,"minecraft:stone_slab":1,"gravestone:obituary":3,"minecraft:string":7,"create:limestone":8,"minecraft:tnt_minecart":2,"minecraft:smooth_stone":1,"minecraft:cobbled_deepslate":60,"comforts:sleeping_bag_white":3,"minecraft:spruce_planks":1,"minecraft:calcite":4,"minecraft:poppy":1,"minecraft:raw_iron":8,"minecraft:stick":9,"quark:green_corundum_cluster":1,"minecraft:torch":12,"minecraft:acacia_log":10,"minecraft:diorite":6,"minecraft:arrow":10,"minecraft:rotten_flesh":64,"create:veridium":22,"minecraft:mutton":11,"minecraft:cobblestone":336,"minecraft:white_wool":7,"biomesoplenty:lavender":1,"minecraft:magma_block":4,"minecraft:golden_carrot":3,"minecraft:iron_door":1,"minecraft:andesite":26,"biomesoplenty:goldenrod":1,"minecraft:tuff":4,"minecraft:oak_log":2,"biomesoplenty:pine_log":16,"minecraft:gunpowder":3,"minecraft:cobblestone_stairs":1,"minecraft:dirt":103,"minecraft:bone":4,"chococraft:gysahl_green":96,"chococraft:gold_gysahl":4,"minecraft:wheat_seeds":52,"minecraft:iron_ingot":18,"fishofthieves:earthworms":7,"minecraft:acacia_sapling":1,"biomesoplenty:pine_sapling":2,"minecraft:polished_andesite_stairs":2,"iceandfire:ash":1,"chococraft:gysahl_green_seeds":1,"minecraft:cyan_bed":1,"minecraft:spider_eye":1,"minecraft:mossy_cobblestone":2,"minecraft:diamond":13,"minecraft:granite":32,"minecraft:black_wool":1,"minecraft:coal":74,"iceandfire:raw_silver":1},"minecraft:killed_by":{"quark:forgotten":1,"iceandfire:fire_dragon":2},"minecraft:dropped":{"minecraft:enchanted_book":1,"quark:green_corundum_cluster":1,"iceandfire:raw_silver":1,"chococraft:loverly_gysahl_green":4,"minecraft:wheat_seeds":32,"chococraft:gold_gysahl":3,"biomesoplenty:lavender":1,"minecraft:iron_helmet":1,"minecraft:granite":32,"minecraft:stick":12,"minecraft:cobblestone_stairs":1,"minecraft:dirt":93,"biomesoplenty:goldenrod":1,"minecraft:diorite":5,"minecraft:iron_door":1,"gravestone:obituary":13,"minecraft:polished_andesite_stairs":2,"minecraft:iron_pickaxe":2,"biomesoplenty:pine_log":1,"minecraft:smooth_stone":1,"minecraft:string":7,"minecraft:white_wool":7,"minecraft:bone":1,"alexsmobs:animal_dictionary":1,"biomesoplenty:pine_planks":54,"minecraft:tuff":4,"minecraft:raw_iron":8,"minecraft:rotten_flesh":63,"minecraft:stone_slab":1,"create:veridium":18,"fishofthieves:earthworms":5,"minecraft:andesite":26,"create:limestone":8,"minecraft:spider_eye":1,"minecraft:calcite":1,"minecraft:magma_block":2,"minecraft:cyan_bed":1,"minecraft:black_wool":1}},"DataVersion":3465}