{"stats":{"minecraft:broken":{"minecraft:iron_boots":1,"minecraft:iron_sword":1,"minecraft:iron_pickaxe":1,"minecraft:iron_helmet":1},"minecraft:custom":{"minecraft:mob_kills":129,"minecraft:interact_with_crafting_table":29,"minecraft:open_barrel":24,"minecraft:interact_with_campfire":4,"minecraft:leave_game":2,"minecraft:time_since_death":91331,"minecraft:climb_one_cm":6822,"minecraft:sprint_one_cm":703095,"minecraft:walk_one_cm":330653,"minecraft:drop":165,"minecraft:play_time":180124,"minecraft:sneak_time":11473,"minecraft:deaths":12,"minecraft:walk_under_water_one_cm":36911,"minecraft:jump":5115,"minecraft:walk_on_water_one_cm":39652,"minecraft:enchant_item":2,"minecraft:total_world_time":180124,"minecraft:interact_with_furnace":42,"minecraft:interact_with_grindstone":1,"minecraft:sleep_in_bed":5,"minecraft:time_since_rest":5351,"minecraft:damage_taken":8811,"minecraft:damage_absorbed":40,"minecraft:damage_dealt":23112,"minecraft:swim_one_cm":285533,"minecraft:fly_one_cm":1188063,"minecraft:open_chest":217,"minecraft:crouch_one_cm":26502,"minecraft:interact_with_smoker":17,"minecraft:fall_one_cm":122900},"minecraft:used":{"biomesoplenty:brimstone":1,"minecraft:iron_shovel":106,"create:scorchia":2,"minecraft:poppy":1,"create:veridium":4,"minecraft:iron_sword":369,"minecraft:netherrack":83,"minecraft:cooked_salmon":12,"minecraft:iron_chestplate":2,"minecraft:torch":37,"fishofthieves:earthworms":2,"minecraft:dirt":19,"minecraft:carrot":7,"minecraft:acacia_sapling":1,"artifacts:onion_ring":1,"quark:limestone":8,"totemic:flute":79,"biomesoplenty:pine_sapling":2,"minecraft:iron_axe":113,"minecraft:iron_helmet":2,"minecraft:iron_boots":2,"minecraft:magma_block":2,"minecraft:golden_carrot":3,"minecraft:cooked_beef":13,"iceandfire:frozen_cobblestone":1,"comforts:sleeping_bag_white":3,"minecraft:cobbled_deepslate":10,"minecraft:iron_leggings":2,"minecraft:calcite":3,"minecraft:cooked_mutton":11,"minecraft:water_bucket":266,"minecraft:diorite":1,"minecraft:blackstone":8,"minecraft:baked_potato":15,"minecraft:golden_apple":1,"minecraft:mossy_cobblestone":2,"minecraft:sand":1,"minecraft:crafting_table":2,"alexscaves:cave_book":2,"minecraft:smoker":1,"minecraft:diamond_pickaxe":635,"chococraft:gysahl_green_seeds":1,"minecraft:bread":11,"minecraft:iron_pickaxe":692,"iceandfire:ash":1,"minecraft:cobblestone":65,"travelersbackpack:standard":1,"minecraft:andesite":6,"minecraft:porkchop":4,"minecraft:grindstone":1,"minecraft:bucket":268,"chococraft:gysahl_green":110},"minecraft:killed":{"minecraft:cave_spider":3,"minecraft:zombified_piglin":4,"minecraft:witch":2,"minecraft:spider":1,"minecraft:skeleton":13,"minecraft:horse":1,"minecraft:piglin":1,"minecraft:pig":4,"minecraft:zombie_villager":2,"minecraft:creeper":4,"minecraft:sheep":8,"minecraft:zombie":82},"minecraft:mined":{"minecraft:tuff":6,"minecraft:spruce_planks":1,"iceandfire:silver_ore":1,"minecraft:mossy_cobblestone":2,"minecraft:deepslate_diamond_ore":19,"minecraft:sculk_vein":1,"minecraft:cobblestone_stairs":1,"biomesoplenty:brimstone":8,"iceandfire:frozen_cobblestone":25,"minecraft:granite":37,"gravestone:gravestone":10,"minecraft:acacia_log":10,"iceandfire:frozen_stone":23,"minecraft:spruce_fence":1,"minecraft:grass_block":45,"quark:green_corundum_cluster":1,"minecraft:soul_soil":1,"minecraft:spruce_leaves":4,"iceandfire:chared_grass":1,"minecraft:spawner":8,"minecraft:smooth_stone":1,"biomesoplenty:pine_log":22,"minecraft:redstone_ore":1,"minecraft:magma_block":3,"bno:nether_coal_ore":6,"minecraft:iron_ore":14,"minecraft:fire":18,"minecraft:cobbled_deepslate":2,"create:scorchia":2,"minecraft:andesite":39,"biomesoplenty:hanging_cobweb":1,"bno:nether_iron_ore":25,"minecraft:deepslate_iron_ore":31,"minecraft:vine":2,"biomesoplenty:webbing":3,"quark:limestone":11,"biomesoplenty:barley":3,"minecraft:stone":341,"create:veridium":13,"create:limestone":8,"minecraft:soul_sand":6,"minecraft:blackstone":8,"minecraft:basalt":82,"minecraft:dandelion":2,"travelersbackpack:standard":1,"minecraft:crafting_table":1,"minecraft:torch":10,"bno:nether_emerald_ore":8,"minecraft:emerald_ore":1,"minecraft:calcite":4,"minecraft:poppy":1,"minecraft:polished_andesite_stairs":2,"minecraft:dead_bush":1,"minecraft:sculk_sensor":2,"iceandfire:sapphire_ore":6,"minecraft:stone_slab":1,"minecraft:nether_quartz_ore":6,"minecraft:tall_grass":31,"minecraft:cobblestone":10,"minecraft:cyan_bed":1,"minecraft:sculk":2,"minecraft:iron_door":1,"minecraft:diorite":17,"minecraft:wall_torch":4,"biomesoplenty:goldenrod":1,"biomesoplenty:red_maple_leaf_pile":2,"minecraft:potted_poppy":1,"minecraft:grass":526,"minecraft:oak_log":3,"minecraft:coal_ore":75,"minecraft:sand":31,"minecraft:dirt":71,"minecraft:cobweb":9,"minecraft:netherrack":403,"minecraft:deepslate":74,"minecraft:fern":8},"minecraft:crafted":{"minecraft:grindstone":1,"minecraft:oak_planks":4,"biomesoplenty:pine_planks":60,"comforts:sleeping_bag_white":1,"minecraft:furnace":1,"minecraft:stone":10,"minecraft:cooked_mutton":11,"minecraft:glass":28,"quark:acacia_chest":1,"minecraft:iron_boots":2,"minecraft:iron_axe":1,"minecraft:smoker":1,"minecraft:cooked_beef":3,"minecraft:crafting_table":2,"minecraft:iron_helmet":2,"travelersbackpack:backpack_tank":2,"minecraft:baked_potato":27,"travelersbackpack:standard":1,"minecraft:iron_sword":2,"minecraft:cooked_salmon":8,"minecraft:bucket":2,"minecraft:bread":11,"minecraft:air":0,"minecraft:iron_chestplate":3,"minecraft:diamond_pickaxe":1,"minecraft:stone_slab":6,"minecraft:stick":24,"minecraft:iron_ingot":0,"minecraft:iron_pickaxe":3,"minecraft:iron_leggings":2,"minecraft:acacia_planks":8,"minecraft:torch":28},"minecraft:picked_up":{"minecraft:crafting_table":1,"chococraft:loverly_gysahl_green":5,"minecraft:wheat":41,"minecraft:stone_slab":1,"minecraft:enchanted_book":1,"iceandfire:frozen_cobblestone":25,"gravestone:obituary":4,"minecraft:golden_sword":2,"minecraft:soul_soil":1,"minecraft:string":9,"iceandfire:frozen_stone":23,"create:limestone":8,"minecraft:cooked_salmon":4,"create:scorchia":2,"minecraft:blackstone":8,"biomesoplenty:brimstone":8,"minecraft:gold_nugget":3,"minecraft:tnt_minecart":4,"minecraft:smooth_stone":1,"minecraft:cobbled_deepslate":74,"comforts:sleeping_bag_white":3,"minecraft:spruce_planks":1,"minecraft:calcite":4,"minecraft:poppy":1,"minecraft:golden_helmet":1,"minecraft:stick":12,"minecraft:raw_iron":18,"quark:green_corundum_cluster":1,"minecraft:torch":16,"minecraft:acacia_log":10,"minecraft:porkchop":6,"minecraft:diorite":10,"minecraft:carrot":22,"minecraft:redstone":5,"minecraft:arrow":12,"minecraft:rotten_flesh":77,"create:veridium":22,"minecraft:mutton":11,"minecraft:white_wool":15,"minecraft:cobblestone":481,"biomesoplenty:lavender":1,"iceandfire:sapphire_gem":6,"minecraft:magma_block":4,"minecraft:cooked_beef":1,"minecraft:basalt":80,"minecraft:golden_carrot":3,"minecraft:iron_door":1,"minecraft:glow_ink_sac":2,"minecraft:andesite":32,"minecraft:leather":2,"biomesoplenty:goldenrod":1,"totemic:flute":1,"minecraft:potato":78,"alexscaves:cave_book":1,"fishofthieves:grubs":3,"minecraft:tuff":4,"minecraft:oak_log":3,"biomesoplenty:pine_log":16,"minecraft:gunpowder":3,"minecraft:cobblestone_stairs":1,"quark:limestone":11,"minecraft:dirt":156,"minecraft:name_tag":1,"minecraft:cooked_mutton":4,"minecraft:bone":5,"chococraft:gysahl_green":125,"chococraft:gold_gysahl":6,"minecraft:wheat_seeds":115,"minecraft:raw_gold":6,"minecraft:iron_ingot":73,"fishofthieves:earthworms":11,"minecraft:soul_sand":12,"minecraft:glowstone_dust":1,"minecraft:acacia_sapling":1,"biomesoplenty:pine_sapling":2,"minecraft:polished_andesite_stairs":2,"minecraft:quartz":6,"iceandfire:ash":1,"minecraft:dandelion":2,"minecraft:sand":31,"chococraft:gysahl_green_seeds":1,"minecraft:cyan_bed":1,"minecraft:mossy_cobblestone":2,"minecraft:spider_eye":1,"minecraft:leather_helmet":1,"travelersbackpack:standard":1,"biomesoplenty:yellow_maple_sapling":6,"minecraft:diamond":19,"minecraft:granite":32,"minecraft:emerald":9,"minecraft:netherrack":386,"minecraft:black_wool":1,"minecraft:coal":80,"iceandfire:raw_silver":1},"minecraft:killed_by":{"quark:forgotten":1,"iceandfire:fire_dragon":2},"minecraft:dropped":{"minecraft:enchanted_book":1,"quark:green_corundum_cluster":1,"iceandfire:raw_silver":1,"minecraft:soul_sand":12,"chococraft:loverly_gysahl_green":4,"minecraft:wheat_seeds":82,"minecraft:golden_helmet":1,"minecraft:baked_potato":9,"minecraft:glow_ink_sac":2,"chococraft:gold_gysahl":5,"biomesoplenty:lavender":1,"minecraft:cobblestone":261,"minecraft:iron_helmet":1,"minecraft:granite":32,"quark:limestone":3,"minecraft:leather_helmet":1,"minecraft:stick":15,"minecraft:cobblestone_stairs":1,"minecraft:dirt":123,"biomesoplenty:goldenrod":1,"minecraft:diorite":9,"minecraft:iron_door":1,"minecraft:iron_leggings":1,"gravestone:obituary":14,"minecraft:gold_nugget":3,"minecraft:polished_andesite_stairs":2,"minecraft:iron_pickaxe":2,"minecraft:smooth_stone":1,"biomesoplenty:pine_log":1,"minecraft:string":9,"minecraft:white_wool":15,"fishofthieves:grubs":3,"minecraft:dandelion":2,"minecraft:redstone":5,"minecraft:bone":1,"minecraft:soul_soil":1,"alexsmobs:animal_dictionary":1,"minecraft:cobbled_deepslate":4,"biomesoplenty:pine_planks":54,"biomesoplenty:yellow_maple_sapling":6,"minecraft:tuff":4,"minecraft:wheat":8,"minecraft:raw_iron":8,"minecraft:rotten_flesh":73,"minecraft:glowstone_dust":1,"minecraft:stone_slab":1,"minecraft:stone":7,"alexscaves:cave_book":1,"create:veridium":18,"fishofthieves:earthworms":8,"minecraft:iron_chestplate":1,"minecraft:andesite":26,"create:limestone":8,"minecraft:golden_sword":2,"minecraft:spider_eye":1,"minecraft:arrow":6,"minecraft:calcite":1,"minecraft:magma_block":2,"minecraft:quartz":6,"minecraft:cyan_bed":1,"chococraft:gysahl_green":3,"minecraft:netherrack":113,"minecraft:black_wool":1}},"DataVersion":3465}