{"stats":{"minecraft:custom":{"minecraft:interact_with_furnace":12,"minecraft:mob_kills":40,"minecraft:interact_with_crafting_table":13,"minecraft:open_barrel":10,"minecraft:leave_game":1,"minecraft:time_since_death":25494,"minecraft:sleep_in_bed":1,"minecraft:climb_one_cm":2473,"minecraft:time_since_rest":25513,"minecraft:sprint_one_cm":196299,"minecraft:damage_taken":2343,"minecraft:walk_one_cm":102062,"minecraft:drop":44,"minecraft:damage_dealt":8072,"minecraft:swim_one_cm":97089,"minecraft:fly_one_cm":320792,"minecraft:open_chest":39,"minecraft:crouch_one_cm":11717,"minecraft:play_time":53327,"minecraft:deaths":3,"minecraft:sneak_time":5760,"minecraft:walk_under_water_one_cm":16024,"minecraft:jump":1468,"minecraft:walk_on_water_one_cm":13329,"minecraft:total_world_time":53327,"minecraft:interact_with_smoker":1,"minecraft:fall_one_cm":33697},"minecraft:used":{"minecraft:calcite":3,"minecraft:water_bucket":130,"minecraft:diorite":1,"minecraft:poppy":1,"create:veridium":4,"minecraft:iron_sword":128,"minecraft:iron_chestplate":1,"minecraft:torch":13,"minecraft:dirt":2,"chococraft:gysahl_green_seeds":1,"minecraft:iron_axe":25,"minecraft:iron_pickaxe":484,"minecraft:iron_helmet":1,"minecraft:iron_boots":1,"minecraft:magma_block":2,"minecraft:cobblestone":61,"minecraft:bucket":132,"chococraft:gysahl_green":64,"minecraft:cooked_beef":9,"comforts:sleeping_bag_white":1,"minecraft:iron_leggings":1},"minecraft:killed":{"minecraft:cave_spider":2,"minecraft:witch":1,"minecraft:zombie_villager":1,"minecraft:spider":1,"minecraft:creeper":4,"minecraft:sheep":8,"minecraft:skeleton":7,"minecraft:zombie":13},"minecraft:mined":{"minecraft:tuff":4,"minecraft:spruce_planks":1,"iceandfire:silver_ore":1,"minecraft:deepslate_diamond_ore":13,"minecraft:sculk_vein":1,"minecraft:dandelion":2,"minecraft:torch":5,"gravestone:gravestone":3,"minecraft:granite":37,"minecraft:spruce_fence":1,"minecraft:grass_block":1,"minecraft:calcite":4,"minecraft:poppy":1,"quark:green_corundum_cluster":1,"minecraft:sculk_sensor":2,"minecraft:stone_slab":1,"minecraft:tall_grass":9,"minecraft:cobblestone":5,"minecraft:cyan_bed":1,"minecraft:sculk":2,"minecraft:diorite":13,"minecraft:iron_door":1,"minecraft:wall_torch":4,"minecraft:spawner":2,"minecraft:magma_block":3,"minecraft:iron_ore":13,"minecraft:andesite":17,"biomesoplenty:hanging_cobweb":1,"minecraft:grass":102,"minecraft:oak_log":2,"minecraft:coal_ore":75,"minecraft:deepslate_iron_ore":3,"biomesoplenty:webbing":2,"minecraft:dirt":5,"minecraft:cobweb":8,"minecraft:stone":205,"create:veridium":13,"create:limestone":8,"minecraft:deepslate":62,"minecraft:fern":8},"minecraft:picked_up":{"chococraft:loverly_gysahl_green":4,"minecraft:magma_block":3,"minecraft:iron_door":1,"minecraft:andesite":10,"minecraft:stone_slab":1,"minecraft:tuff":4,"minecraft:oak_log":2,"gravestone:obituary":1,"minecraft:gunpowder":3,"minecraft:dirt":9,"minecraft:string":7,"create:limestone":8,"minecraft:bone":3,"chococraft:gysahl_green":80,"chococraft:gold_gysahl":3,"minecraft:wheat_seeds":6,"minecraft:tnt_minecart":2,"minecraft:cobbled_deepslate":60,"minecraft:spruce_planks":1,"comforts:sleeping_bag_white":1,"minecraft:iron_ingot":17,"minecraft:calcite":4,"minecraft:poppy":1,"minecraft:raw_iron":8,"quark:green_corundum_cluster":1,"minecraft:torch":11,"chococraft:gysahl_green_seeds":1,"minecraft:diorite":6,"minecraft:cyan_bed":1,"minecraft:spider_eye":1,"minecraft:arrow":6,"minecraft:rotten_flesh":11,"minecraft:diamond":13,"minecraft:granite":32,"create:veridium":22,"minecraft:black_wool":1,"minecraft:mutton":11,"minecraft:white_wool":7,"minecraft:coal":74,"iceandfire:raw_silver":1,"minecraft:cobblestone":211},"minecraft:crafted":{"minecraft:cooked_beef":0,"comforts:sleeping_bag_white":1,"minecraft:iron_helmet":1,"minecraft:iron_sword":1,"minecraft:bucket":2,"minecraft:air":0,"minecraft:iron_boots":1,"minecraft:iron_chestplate":1,"minecraft:iron_axe":1,"minecraft:stick":20,"minecraft:iron_ingot":0,"minecraft:iron_pickaxe":3,"minecraft:iron_leggings":1,"minecraft:torch":28},"minecraft:killed_by":{"quark:forgotten":1},"minecraft:dropped":{"quark:green_corundum_cluster":1,"iceandfire:raw_silver":1,"minecraft:wheat_seeds":6,"chococraft:loverly_gysahl_green":4,"alexsmobs:animal_dictionary":1,"chococraft:gold_gysahl":2,"minecraft:tuff":4,"minecraft:iron_helmet":1,"minecraft:raw_iron":8,"minecraft:rotten_flesh":10,"minecraft:granite":32,"minecraft:stone_slab":1,"minecraft:dirt":7,"create:veridium":18,"minecraft:diorite":5,"minecraft:andesite":10,"minecraft:iron_door":1,"create:limestone":8,"gravestone:obituary":4,"minecraft:spider_eye":1,"minecraft:iron_pickaxe":1,"minecraft:calcite":1,"minecraft:cyan_bed":1,"minecraft:string":7,"minecraft:white_wool":7,"minecraft:black_wool":1}},"DataVersion":3465}