{"stats":{"minecraft:broken":{"minecraft:iron_sword":1},"minecraft:used":{"minecraft:poppy":1,"create:veridium":4,"minecraft:iron_sword":244,"minecraft:iron_chestplate":1,"minecraft:torch":29,"minecraft:dirt":3,"minecraft:acacia_sapling":1,"minecraft:iron_axe":78,"minecraft:iron_helmet":1,"minecraft:iron_boots":1,"minecraft:magma_block":2,"comforts:sleeping_bag_white":2,"minecraft:cooked_beef":9,"minecraft:iron_leggings":1,"minecraft:calcite":3,"minecraft:cooked_mutton":10,"minecraft:water_bucket":138,"minecraft:diorite":1,"minecraft:golden_apple":1,"minecraft:mossy_cobblestone":2,"minecraft:smoker":1,"chococraft:gysahl_green_seeds":1,"minecraft:iron_pickaxe":500,"minecraft:cobblestone":62,"minecraft:grindstone":1,"minecraft:bucket":139,"chococraft:gysahl_green":75},"minecraft:custom":{"minecraft:mob_kills":94,"minecraft:interact_with_crafting_table":18,"minecraft:open_barrel":10,"minecraft:leave_game":1,"minecraft:time_since_death":2392,"minecraft:climb_one_cm":2473,"minecraft:sprint_one_cm":310469,"minecraft:walk_one_cm":151295,"minecraft:drop":63,"minecraft:play_time":77327,"minecraft:deaths":6,"minecraft:sneak_time":6351,"minecraft:walk_under_water_one_cm":20309,"minecraft:jump":2276,"minecraft:walk_on_water_one_cm":18366,"minecraft:enchant_item":2,"minecraft:total_world_time":77327,"minecraft:interact_with_furnace":20,"minecraft:interact_with_grindstone":1,"minecraft:sleep_in_bed":2,"minecraft:time_since_rest":2406,"minecraft:damage_taken":3919,"minecraft:damage_absorbed":40,"minecraft:damage_dealt":16296,"minecraft:swim_one_cm":127412,"minecraft:fly_one_cm":544764,"minecraft:open_chest":113,"minecraft:crouch_one_cm":12481,"minecraft:interact_with_smoker":7,"minecraft:fall_one_cm":53598},"minecraft:killed":{"minecraft:cave_spider":2,"minecraft:witch":1,"minecraft:spider":1,"minecraft:skeleton":9,"minecraft:zombie_villager":1,"minecraft:creeper":4,"minecraft:sheep":8,"minecraft:zombie":65},"minecraft:mined":{"minecraft:tuff":4,"minecraft:spruce_planks":1,"iceandfire:silver_ore":1,"minecraft:mossy_cobblestone":2,"minecraft:deepslate_diamond_ore":13,"minecraft:cobblestone_stairs":1,"minecraft:sculk_vein":1,"gravestone:gravestone":6,"minecraft:granite":37,"minecraft:acacia_log":10,"minecraft:grass_block":5,"minecraft:spruce_fence":1,"quark:green_corundum_cluster":1,"minecraft:spawner":7,"minecraft:smooth_stone":1,"minecraft:magma_block":3,"minecraft:iron_ore":13,"minecraft:andesite":17,"biomesoplenty:hanging_cobweb":1,"minecraft:deepslate_iron_ore":3,"biomesoplenty:webbing":2,"minecraft:stone":205,"create:veridium":13,"create:limestone":8,"minecraft:dandelion":2,"minecraft:torch":7,"minecraft:calcite":4,"minecraft:poppy":1,"minecraft:polished_andesite_stairs":2,"minecraft:sculk_sensor":2,"minecraft:stone_slab":1,"minecraft:tall_grass":9,"minecraft:cobblestone":7,"minecraft:cyan_bed":1,"minecraft:sculk":2,"minecraft:diorite":13,"minecraft:iron_door":1,"minecraft:wall_torch":4,"minecraft:potted_poppy":1,"minecraft:grass":102,"minecraft:coal_ore":75,"minecraft:oak_log":2,"minecraft:dirt":5,"minecraft:cobweb":8,"minecraft:deepslate":62,"minecraft:fern":8},"minecraft:crafted":{"minecraft:grindstone":1,"comforts:sleeping_bag_white":1,"minecraft:furnace":1,"minecraft:stone":3,"minecraft:cooked_mutton":11,"minecraft:iron_boots":1,"minecraft:iron_axe":1,"minecraft:smoker":1,"minecraft:cooked_beef":0,"minecraft:iron_helmet":1,"minecraft:iron_sword":1,"minecraft:bucket":2,"minecraft:air":0,"minecraft:iron_chestplate":1,"minecraft:diamond_pickaxe":1,"minecraft:stone_slab":6,"minecraft:stick":20,"minecraft:iron_pickaxe":3,"minecraft:iron_ingot":0,"minecraft:iron_leggings":1,"minecraft:torch":28},"minecraft:picked_up":{"chococraft:loverly_gysahl_green":4,"minecraft:stone_slab":1,"gravestone:obituary":1,"minecraft:string":7,"create:limestone":8,"minecraft:tnt_minecart":2,"minecraft:smooth_stone":1,"minecraft:cobbled_deepslate":60,"comforts:sleeping_bag_white":2,"minecraft:spruce_planks":1,"minecraft:calcite":4,"minecraft:poppy":1,"minecraft:raw_iron":8,"minecraft:stick":5,"quark:green_corundum_cluster":1,"minecraft:torch":11,"minecraft:acacia_log":10,"minecraft:diorite":6,"minecraft:arrow":10,"minecraft:rotten_flesh":64,"create:veridium":22,"minecraft:mutton":11,"minecraft:cobblestone":212,"minecraft:white_wool":7,"biomesoplenty:lavender":1,"minecraft:magma_block":4,"minecraft:iron_door":1,"minecraft:andesite":10,"minecraft:tuff":4,"minecraft:oak_log":2,"minecraft:gunpowder":3,"minecraft:cobblestone_stairs":1,"minecraft:dirt":15,"minecraft:bone":4,"chococraft:gysahl_green":83,"chococraft:gold_gysahl":3,"minecraft:wheat_seeds":6,"minecraft:iron_ingot":18,"minecraft:acacia_sapling":1,"minecraft:polished_andesite_stairs":2,"chococraft:gysahl_green_seeds":1,"minecraft:cyan_bed":1,"minecraft:spider_eye":1,"minecraft:mossy_cobblestone":2,"minecraft:diamond":13,"minecraft:granite":32,"minecraft:black_wool":1,"minecraft:coal":74,"iceandfire:raw_silver":1},"minecraft:killed_by":{"quark:forgotten":1},"minecraft:dropped":{"minecraft:enchanted_book":1,"quark:green_corundum_cluster":1,"iceandfire:raw_silver":1,"chococraft:loverly_gysahl_green":4,"minecraft:wheat_seeds":6,"chococraft:gold_gysahl":2,"minecraft:iron_helmet":1,"minecraft:granite":32,"minecraft:stick":5,"minecraft:cobblestone_stairs":1,"minecraft:dirt":11,"minecraft:diorite":5,"minecraft:iron_door":1,"gravestone:obituary":7,"minecraft:polished_andesite_stairs":2,"minecraft:iron_pickaxe":2,"minecraft:smooth_stone":1,"minecraft:string":7,"minecraft:white_wool":7,"minecraft:bone":1,"alexsmobs:animal_dictionary":1,"minecraft:tuff":4,"minecraft:raw_iron":8,"minecraft:rotten_flesh":63,"minecraft:stone_slab":1,"create:veridium":18,"minecraft:andesite":10,"create:limestone":8,"minecraft:spider_eye":1,"minecraft:calcite":1,"minecraft:magma_block":2,"minecraft:cyan_bed":1,"minecraft:black_wool":1}},"DataVersion":3465}