{"stats":{"minecraft:broken":{"minecraft:iron_sword":1},"minecraft:custom":{"minecraft:mob_kills":101,"minecraft:interact_with_crafting_table":25,"minecraft:open_barrel":19,"minecraft:interact_with_campfire":4,"minecraft:leave_game":1,"minecraft:time_since_death":36534,"minecraft:climb_one_cm":2473,"minecraft:sprint_one_cm":459262,"minecraft:walk_one_cm":231499,"minecraft:drop":112,"minecraft:play_time":125327,"minecraft:deaths":12,"minecraft:sneak_time":8266,"minecraft:walk_under_water_one_cm":28713,"minecraft:jump":3629,"minecraft:walk_on_water_one_cm":28699,"minecraft:enchant_item":2,"minecraft:total_world_time":125327,"minecraft:interact_with_furnace":40,"minecraft:interact_with_grindstone":1,"minecraft:sleep_in_bed":3,"minecraft:time_since_rest":26964,"minecraft:damage_taken":7097,"minecraft:damage_absorbed":40,"minecraft:damage_dealt":17799,"minecraft:swim_one_cm":242570,"minecraft:fly_one_cm":884054,"minecraft:open_chest":127,"minecraft:crouch_one_cm":16274,"minecraft:interact_with_smoker":13,"minecraft:fall_one_cm":88974},"minecraft:used":{"minecraft:iron_shovel":92,"minecraft:poppy":1,"create:veridium":4,"minecraft:iron_sword":275,"minecraft:cooked_salmon":3,"minecraft:iron_chestplate":1,"minecraft:torch":31,"fishofthieves:earthworms":2,"minecraft:dirt":8,"minecraft:carrot":7,"minecraft:acacia_sapling":1,"totemic:flute":31,"biomesoplenty:pine_sapling":2,"minecraft:iron_axe":102,"minecraft:iron_helmet":1,"minecraft:iron_boots":1,"minecraft:golden_carrot":3,"minecraft:magma_block":2,"comforts:sleeping_bag_white":3,"minecraft:cooked_beef":9,"minecraft:cobbled_deepslate":1,"minecraft:iron_leggings":1,"minecraft:calcite":3,"minecraft:cooked_mutton":11,"minecraft:water_bucket":207,"minecraft:diorite":1,"minecraft:golden_apple":1,"minecraft:mossy_cobblestone":2,"minecraft:sand":1,"minecraft:crafting_table":1,"minecraft:smoker":1,"chococraft:gysahl_green_seeds":1,"minecraft:bread":9,"minecraft:iron_pickaxe":661,"iceandfire:ash":1,"minecraft:cobblestone":64,"minecraft:grindstone":1,"minecraft:bucket":209,"chococraft:gysahl_green":87},"minecraft:killed":{"minecraft:cave_spider":2,"minecraft:witch":1,"minecraft:spider":1,"minecraft:horse":1,"minecraft:skeleton":11,"minecraft:zombie_villager":2,"minecraft:creeper":4,"minecraft:sheep":8,"minecraft:zombie":67},"minecraft:mined":{"minecraft:tuff":6,"minecraft:spruce_planks":1,"iceandfire:silver_ore":1,"minecraft:mossy_cobblestone":2,"minecraft:deepslate_diamond_ore":15,"minecraft:cobblestone_stairs":1,"minecraft:sculk_vein":1,"gravestone:gravestone":9,"minecraft:granite":37,"minecraft:acacia_log":10,"minecraft:grass_block":23,"minecraft:spruce_fence":1,"quark:green_corundum_cluster":1,"minecraft:spawner":7,"biomesoplenty:pine_log":22,"minecraft:smooth_stone":1,"minecraft:magma_block":3,"minecraft:iron_ore":13,"minecraft:fire":1,"minecraft:andesite":33,"biomesoplenty:hanging_cobweb":1,"minecraft:deepslate_iron_ore":3,"biomesoplenty:webbing":3,"biomesoplenty:barley":3,"minecraft:stone":335,"create:veridium":13,"create:limestone":8,"minecraft:dandelion":2,"minecraft:torch":8,"minecraft:calcite":4,"minecraft:poppy":1,"minecraft:polished_andesite_stairs":2,"minecraft:dead_bush":1,"minecraft:sculk_sensor":2,"minecraft:stone_slab":1,"minecraft:tall_grass":31,"minecraft:cobblestone":9,"minecraft:cyan_bed":1,"minecraft:sculk":2,"minecraft:diorite":17,"minecraft:iron_door":1,"minecraft:wall_torch":4,"biomesoplenty:goldenrod":1,"biomesoplenty:red_maple_leaf_pile":2,"minecraft:potted_poppy":1,"minecraft:grass":526,"minecraft:coal_ore":75,"minecraft:oak_log":2,"minecraft:sand":31,"minecraft:dirt":69,"minecraft:cobweb":8,"minecraft:deepslate":63,"minecraft:fern":8},"minecraft:crafted":{"minecraft:grindstone":1,"biomesoplenty:pine_planks":60,"comforts:sleeping_bag_white":1,"minecraft:furnace":1,"minecraft:stone":10,"minecraft:cooked_mutton":11,"minecraft:glass":28,"quark:acacia_chest":1,"minecraft:iron_boots":1,"minecraft:iron_axe":1,"minecraft:smoker":1,"minecraft:cooked_beef":0,"minecraft:crafting_table":1,"travelersbackpack:backpack_tank":2,"travelersbackpack:standard":1,"minecraft:iron_helmet":1,"minecraft:iron_sword":2,"minecraft:cooked_salmon":8,"minecraft:bucket":2,"minecraft:bread":9,"minecraft:air":0,"minecraft:iron_chestplate":1,"minecraft:diamond_pickaxe":1,"minecraft:stone_slab":6,"minecraft:stick":24,"minecraft:iron_pickaxe":3,"minecraft:iron_ingot":0,"minecraft:iron_leggings":1,"minecraft:acacia_planks":8,"minecraft:torch":28},"minecraft:picked_up":{"chococraft:loverly_gysahl_green":5,"minecraft:wheat":31,"minecraft:stone_slab":1,"gravestone:obituary":3,"minecraft:cooked_salmon":4,"minecraft:string":7,"create:limestone":8,"minecraft:tnt_minecart":2,"minecraft:smooth_stone":1,"minecraft:cobbled_deepslate":61,"comforts:sleeping_bag_white":3,"minecraft:spruce_planks":1,"minecraft:calcite":4,"minecraft:poppy":1,"minecraft:raw_iron":8,"minecraft:stick":9,"quark:green_corundum_cluster":1,"minecraft:torch":13,"minecraft:acacia_log":10,"minecraft:diorite":10,"minecraft:carrot":5,"minecraft:arrow":11,"minecraft:rotten_flesh":64,"create:veridium":22,"minecraft:mutton":11,"minecraft:cobblestone":475,"minecraft:white_wool":7,"biomesoplenty:lavender":1,"minecraft:magma_block":4,"minecraft:golden_carrot":3,"minecraft:iron_door":1,"minecraft:andesite":26,"biomesoplenty:goldenrod":1,"totemic:flute":1,"fishofthieves:grubs":3,"minecraft:tuff":4,"minecraft:oak_log":2,"biomesoplenty:pine_log":16,"minecraft:gunpowder":3,"minecraft:cobblestone_stairs":1,"minecraft:dirt":128,"minecraft:bone":4,"chococraft:gysahl_green":122,"chococraft:gold_gysahl":6,"minecraft:wheat_seeds":102,"minecraft:iron_ingot":18,"fishofthieves:earthworms":8,"minecraft:acacia_sapling":1,"biomesoplenty:pine_sapling":2,"minecraft:polished_andesite_stairs":2,"iceandfire:ash":1,"minecraft:sand":31,"chococraft:gysahl_green_seeds":1,"minecraft:cyan_bed":1,"minecraft:spider_eye":1,"minecraft:mossy_cobblestone":2,"minecraft:diamond":15,"minecraft:granite":32,"minecraft:black_wool":1,"minecraft:coal":74,"iceandfire:raw_silver":1},"minecraft:killed_by":{"quark:forgotten":1,"iceandfire:fire_dragon":2},"minecraft:dropped":{"minecraft:enchanted_book":1,"quark:green_corundum_cluster":1,"iceandfire:raw_silver":1,"chococraft:loverly_gysahl_green":4,"minecraft:wheat_seeds":82,"chococraft:gold_gysahl":5,"biomesoplenty:lavender":1,"minecraft:iron_helmet":1,"minecraft:cobblestone":256,"minecraft:granite":32,"minecraft:stick":12,"minecraft:cobblestone_stairs":1,"minecraft:dirt":114,"biomesoplenty:goldenrod":1,"minecraft:diorite":5,"minecraft:iron_door":1,"gravestone:obituary":13,"minecraft:polished_andesite_stairs":2,"minecraft:iron_pickaxe":2,"biomesoplenty:pine_log":1,"minecraft:smooth_stone":1,"minecraft:string":7,"fishofthieves:grubs":3,"minecraft:white_wool":7,"minecraft:bone":1,"alexsmobs:animal_dictionary":1,"biomesoplenty:pine_planks":54,"minecraft:tuff":4,"minecraft:wheat":4,"minecraft:raw_iron":8,"minecraft:rotten_flesh":63,"minecraft:stone_slab":1,"minecraft:stone":7,"create:veridium":18,"fishofthieves:earthworms":5,"minecraft:andesite":26,"create:limestone":8,"minecraft:spider_eye":1,"minecraft:calcite":1,"minecraft:magma_block":2,"minecraft:cyan_bed":1,"minecraft:black_wool":1}},"DataVersion":3465}