{
  "comforts:sleeping_bag_light_blue": {
    "criteria": {
      "has_the_recipe": "2024-10-25 14:28:16 +0000"
    },
    "done": true
  },
  "comforts:hammock_purple": {
    "criteria": {
      "has_the_recipe": "2024-10-25 14:28:16 +0000"
    },
    "done": true
  },
  "comforts:sleeping_bag_pink": {
    "criteria": {
      "has_the_recipe": "2024-10-25 14:28:16 +0000"
    },
    "done": true
  },
  "comforts:hammock_magenta": {
    "criteria": {
      "has_the_recipe": "2024-10-25 14:28:16 +0000"
    },
    "done": true
  },
  "comforts:hammock_red": {
    "criteria": {
      "has_the_recipe": "2024-10-25 14:28:16 +0000"
    },
    "done": true
  },
  "comforts:sleeping_bag_white": {
    "criteria": {
      "has_the_recipe": "2024-10-25 14:28:16 +0000"
    },
    "done": true
  },
  "comforts:sleeping_bag_gray": {
    "criteria": {
      "has_the_recipe": "2024-10-25 14:28:16 +0000"
    },
    "done": true
  },
  "comforts:rope_and_nail": {
    "criteria": {
      "has_the_recipe": "2024-10-25 14:28:16 +0000"
    },
    "done": true
  },
  "comforts:sleeping_bag_cyan": {
    "criteria": {
      "has_the_recipe": "2024-10-25 14:28:16 +0000"
    },
    "done": true
  },
  "comforts:sleeping_bag_light_gray": {
    "criteria": {
      "has_the_recipe": "2024-10-25 14:28:16 +0000"
    },
    "done": true
  },
  "comforts:hammock_black": {
    "criteria": {
      "has_the_recipe": "2024-10-25 14:28:16 +0000"
    },
    "done": true
  },
  "create:root": {
    "criteria": {
      "0": "2024-10-25 14:28:16 +0000"
    },
    "done": true
  },
  "comforts:hammock_gray": {
    "criteria": {
      "has_the_recipe": "2024-10-25 14:28:16 +0000"
    },
    "done": true
  },
  "comforts:hammock_cyan": {
    "criteria": {
      "has_the_recipe": "2024-10-25 14:28:16 +0000"
    },
    "done": true
  },
  "comforts:sleeping_bag_purple": {
    "criteria": {
      "has_the_recipe": "2024-10-25 14:28:16 +0000"
    },
    "done": true
  },
  "comforts:sleeping_bag_green": {
    "criteria": {
      "has_the_recipe": "2024-10-25 14:28:16 +0000"
    },
    "done": true
  },
  "comforts:hammock_light_blue": {
    "criteria": {
      "has_the_recipe": "2024-10-25 14:28:16 +0000"
    },
    "done": true
  },
  "ironfurnaces:coal": {
    "criteria": {
      "rainbowcoal": "2024-10-25 14:28:16 +0000"
    },
    "done": true
  },
  "comforts:sleeping_bag_magenta": {
    "criteria": {
      "has_the_recipe": "2024-10-25 14:28:16 +0000"
    },
    "done": true
  },
  "comforts:hammock_green": {
    "criteria": {
      "has_the_recipe": "2024-10-25 14:28:16 +0000"
    },
    "done": true
  },
  "comforts:sleeping_bag_black": {
    "criteria": {
      "has_the_recipe": "2024-10-25 14:28:16 +0000"
    },
    "done": true
  },
  "comforts:hammock_lime": {
    "criteria": {
      "has_the_recipe": "2024-10-25 14:28:16 +0000"
    },
    "done": true
  },
  "comforts:sleeping_bag_red": {
    "criteria": {
      "has_the_recipe": "2024-10-25 14:28:16 +0000"
    },
    "done": true
  },
  "comforts:sleeping_bag_orange": {
    "criteria": {
      "has_the_recipe": "2024-10-25 14:28:16 +0000"
    },
    "done": true
  },
  "comforts:hammock_blue": {
    "criteria": {
      "has_the_recipe": "2024-10-25 14:28:16 +0000"
    },
    "done": true
  },
  "travelersbackpack:standard_from_custom": {
    "criteria": {
      "has_the_recipe": "2024-10-25 14:28:16 +0000"
    },
    "done": true
  },
  "comforts:hammock_white": {
    "criteria": {
      "has_the_recipe": "2024-10-25 14:28:16 +0000"
    },
    "done": true
  },
  "comforts:hammock_light_gray": {
    "criteria": {
      "has_the_recipe": "2024-10-25 14:28:16 +0000"
    },
    "done": true
  },
  "comforts:sleeping_bag_brown": {
    "criteria": {
      "has_the_recipe": "2024-10-25 14:28:16 +0000"
    },
    "done": true
  },
  "comforts:hammock_pink": {
    "criteria": {
      "has_the_recipe": "2024-10-25 14:28:16 +0000"
    },
    "done": true
  },
  "comforts:hammock_brown": {
    "criteria": {
      "has_the_recipe": "2024-10-25 14:28:16 +0000"
    },
    "done": true
  },
  "comforts:sleeping_bag_lime": {
    "criteria": {
      "has_the_recipe": "2024-10-25 14:28:16 +0000"
    },
    "done": true
  },
  "comforts:hammock_yellow": {
    "criteria": {
      "has_the_recipe": "2024-10-25 14:28:16 +0000"
    },
    "done": true
  },
  "comforts:sleeping_bag_blue": {
    "criteria": {
      "has_the_recipe": "2024-10-25 14:28:16 +0000"
    },
    "done": true
  },
  "comforts:sleeping_bag_yellow": {
    "criteria": {
      "has_the_recipe": "2024-10-25 14:28:16 +0000"
    },
    "done": true
  },
  "comforts:hammock_orange": {
    "criteria": {
      "has_the_recipe": "2024-10-25 14:28:16 +0000"
    },
    "done": true
  },
  "iceandfire:iceandfire/root": {
    "criteria": {
      "tick": "2024-10-25 14:28:17 +0000"
    },
    "done": true
  },
  "mowziesmobs:root": {
    "criteria": {
      "custom_test_name": "2024-10-25 14:28:17 +0000"
    },
    "done": true
  },
  "betterdungeons:root": {
    "criteria": {
      "always": "2024-10-25 14:28:17 +0000"
    },
    "done": true
  },
  "betterdeserttemples:root": {
    "criteria": {
      "always": "2024-10-25 14:28:17 +0000"
    },
    "done": true
  },
  "incendium:technical/new_player": {
    "criteria": {
      "requirement": "2024-10-25 14:28:17 +0000"
    },
    "done": true
  },
  "incendium:technical/scroll_of_returning": {
    "criteria": {
      "log_spam_fixer": "2024-10-25 14:28:18 +0000"
    },
    "done": false
  },
  "incendium:technical/using/ragnarok": {
    "criteria": {
      "log_spam_fixer": "2024-10-25 14:28:18 +0000"
    },
    "done": false
  },
  "biomesoplenty:biomesoplenty/root": {
    "criteria": {
      "lush_desert": "2024-10-25 14:28:18 +0000"
    },
    "done": true
  },
  "incendium:technical/using/trailblazer": {
    "criteria": {
      "log_spam_fixer": "2024-10-25 14:28:18 +0000"
    },
    "done": false
  },
  "biomesoplenty:biomesoplenty/all_biomes": {
    "criteria": {
      "muskeg": "2024-10-25 16:31:09 +0000",
      "scrubland": "2024-10-25 15:03:23 +0000",
      "erupting_inferno": "2024-10-25 16:11:54 +0000",
      "jacaranda_glade": "2024-10-25 15:43:22 +0000",
      "jade_cliffs": "2024-10-25 15:49:00 +0000",
      "spider_nest": "2024-10-25 14:36:51 +0000",
      "lush_desert": "2024-10-25 14:28:18 +0000",
      "aspen_glade": "2024-10-25 16:22:58 +0000",
      "seasonal_forest": "2024-10-25 16:23:31 +0000",
      "pasture": "2024-10-25 15:47:56 +0000",
      "lavender_field": "2024-10-25 15:37:21 +0000",
      "fir_clearing": "2024-10-25 14:33:52 +0000",
      "prairie": "2024-10-25 14:33:55 +0000",
      "tundra": "2024-10-25 16:34:43 +0000"
    },
    "done": false
  },
  "incendium:technical/using/shield": {
    "criteria": {
      "log_spam_fixer": "2024-10-25 14:28:18 +0000"
    },
    "done": false
  },
  "minecraft:adventure/adventuring_time": {
    "criteria": {
      "minecraft:savanna_plateau": "2024-10-25 15:03:25 +0000",
      "minecraft:beach": "2024-10-25 16:48:42 +0000",
      "minecraft:river": "2024-10-25 14:29:53 +0000",
      "minecraft:snowy_plains": "2024-10-25 16:30:19 +0000",
      "minecraft:dripstone_caves": "2024-10-25 15:21:22 +0000",
      "minecraft:forest": "2024-10-25 15:05:32 +0000",
      "minecraft:frozen_ocean": "2024-10-25 16:44:13 +0000",
      "minecraft:jungle": "2024-10-25 15:17:58 +0000",
      "minecraft:flower_forest": "2024-10-25 15:34:15 +0000",
      "minecraft:deep_dark": "2024-10-25 15:02:28 +0000",
      "minecraft:plains": "2024-10-25 14:28:29 +0000"
    },
    "done": false
  },
  "minecraft:story/smelt_iron": {
    "criteria": {
      "iron": "2024-10-25 14:28:46 +0000"
    },
    "done": true
  },
  "minecraft:story/obtain_armor": {
    "criteria": {
      "iron_chestplate": "2024-10-25 14:29:01 +0000"
    },
    "done": true
  },
  "minecraft:story/iron_tools": {
    "criteria": {
      "iron_pickaxe": "2024-10-25 14:29:23 +0000"
    },
    "done": true
  },
  "fishofthieves:root": {
    "criteria": {
      "in_water": "2024-10-25 14:29:53 +0000"
    },
    "done": true
  },
  "minecraft:husbandry/root": {
    "criteria": {
      "consumed_item": "2024-10-25 14:30:26 +0000"
    },
    "done": true
  },
  "immersive_armors:recipes/misc/robe": {
    "criteria": {
      "has_item": "2024-10-25 14:31:12 +0000"
    },
    "done": true
  },
  "minecraft:adventure/root": {
    "criteria": {
      "killed_something": "2024-10-25 14:33:27 +0000"
    },
    "done": true
  },
  "minecraft:adventure/sleep_in_bed": {
    "criteria": {
      "slept_in_bed": "2024-10-25 14:33:34 +0000"
    },
    "done": true
  },
  "minecraft:story/mine_stone": {
    "criteria": {
      "get_stone": "2024-10-25 14:36:01 +0000"
    },
    "done": true
  },
  "minecraft:adventure/kill_all_mobs": {
    "criteria": {
      "minecraft:skeleton": "2024-10-25 15:02:15 +0000",
      "minecraft:spider": "2024-10-25 15:04:55 +0000",
      "minecraft:creeper": "2024-10-25 15:06:20 +0000",
      "minecraft:zombified_piglin": "2024-10-25 17:03:25 +0000",
      "minecraft:witch": "2024-10-25 15:07:55 +0000",
      "minecraft:cave_spider": "2024-10-25 15:16:32 +0000",
      "minecraft:piglin": "2024-10-25 17:02:13 +0000",
      "minecraft:zombie": "2024-10-25 14:39:06 +0000",
      "minecraft:zombie_villager": "2024-10-25 15:14:38 +0000"
    },
    "done": false
  },
  "minecraft:adventure/kill_a_mob": {
    "criteria": {
      "minecraft:zombie": "2024-10-25 14:39:06 +0000"
    },
    "done": true
  },
  "minecraft:husbandry/balanced_diet": {
    "criteria": {
      "cooked_mutton": "2024-10-25 15:33:39 +0000",
      "cooked_beef": "2024-10-25 14:53:45 +0000",
      "baked_potato": "2024-10-25 16:55:05 +0000",
      "porkchop": "2024-10-25 16:49:10 +0000",
      "mutton": "2024-10-25 17:37:53 +0000",
      "bread": "2024-10-25 16:14:04 +0000",
      "golden_apple": "2024-10-25 15:39:19 +0000",
      "golden_carrot": "2024-10-25 16:07:05 +0000",
      "cooked_salmon": "2024-10-25 16:29:18 +0000",
      "carrot": "2024-10-25 16:24:49 +0000"
    },
    "done": false
  },
  "immersive_armors:recipes/misc/bone": {
    "criteria": {
      "has_item": "2024-10-25 15:02:16 +0000"
    },
    "done": true
  },
  "minecraft:story/mine_diamond": {
    "criteria": {
      "diamond": "2024-10-25 15:04:09 +0000"
    },
    "done": true
  },
  "minecraft:adventure/avoid_vibration": {
    "criteria": {
      "avoid_vibration": "2024-10-25 15:08:45 +0000"
    },
    "done": true
  },
  "quark:get_all_corundum": {
    "criteria": {
      "green": "2024-10-25 15:11:18 +0000"
    },
    "done": false
  },
  "artifacts:amateur_archaeologist": {
    "criteria": {
      "find_artifact": "2024-10-25 15:17:01 +0000"
    },
    "done": true
  },
  "immersive_armors:recipes/misc/wooden": {
    "criteria": {
      "has_item": "2024-10-25 15:19:42 +0000"
    },
    "done": true
  },
  "minecraft:story/enchant_item": {
    "criteria": {
      "enchanted_item": "2024-10-25 15:31:28 +0000"
    },
    "done": true
  },
  "betterdungeons:zombie_dungeon": {
    "criteria": {
      "in_better_zombie_dungeon": "2024-10-25 15:34:18 +0000"
    },
    "done": true
  },
  "betterdungeons:all_dungeons": {
    "criteria": {
      "in_better_zombie_dungeon": "2024-10-25 15:34:18 +0000"
    },
    "done": false
  },
  "aquamirae:adventure/root": {
    "criteria": {
      "crafting_table": "2024-10-25 15:49:09 +0000"
    },
    "done": true
  },
  "minecraft:story/root": {
    "criteria": {
      "crafting_table": "2024-10-25 15:49:09 +0000"
    },
    "done": true
  },
  "incendium:root": {
    "criteria": {
      "requirement": "2024-10-25 16:11:53 +0000"
    },
    "done": true
  },
  "minecraft:nether/root": {
    "criteria": {
      "entered_nether": "2024-10-25 16:11:53 +0000"
    },
    "done": true
  },
  "minecraft:story/enter_the_nether": {
    "criteria": {
      "entered_nether": "2024-10-25 16:11:53 +0000"
    },
    "done": true
  },
  "artifacts:adventurous_eater": {
    "criteria": {
      "eat_artifact": "2024-10-25 16:41:12 +0000"
    },
    "done": true
  },
  "immersive_armors:recipes/misc/warrior": {
    "criteria": {
      "has_item": "2024-10-25 16:43:27 +0000"
    },
    "done": true
  },
  "minecraft:nether/explore_nether": {
    "criteria": {
      "minecraft:nether_wastes": "2024-10-25 17:01:36 +0000",
      "minecraft:basalt_deltas": "2024-10-25 17:05:53 +0000"
    },
    "done": false
  },
  "minecraft:husbandry/bred_all_animals": {
    "criteria": {
      "minecraft:cow": "2024-10-25 17:41:08 +0000",
      "minecraft:sheep": "2024-10-25 17:40:41 +0000"
    },
    "done": false
  },
  "alexscaves:alexscaves/cave_book": {
    "criteria": {
      "cave_book": "2024-10-25 17:17:49 +0000"
    },
    "done": true
  },
  "colossalchests:root": {
    "criteria": {
      "criteria_0": "2024-10-25 17:31:45 +0000"
    },
    "done": true
  },
  "iceandfire:iceandfire/kill_ghost": {
    "criteria": {
      "killed_fire_dragon": "2024-10-25 17:36:17 +0000"
    },
    "done": true
  },
  "minecraft:husbandry/breed_an_animal": {
    "criteria": {
      "bred": "2024-10-25 17:40:41 +0000"
    },
    "done": true
  },
  "DataVersion": 3465
}